challengeID,m1intmon,m1intyr,m1lenhr,m1lenmin,cm1twoc,cm1fint,cm1tdiff
1,-3,0,-3,40,0,0,0
2,-3,0,0,40,0,1,0
3,-3,0,0,35,0,1,0
4,-3,0,0,30,0,1,0
5,-3,0,0,25,0,1,0
6,-3,0,0,25,0,1,0
7,-3,0,0,35,0,1,0
8,-3,0,1,10,0,1,0
9,-3,0,0,30,0,1,0
10,-3,0,0,33,0,1,0
11,-3,0,0,40,0,1,0
12,-3,0,0,23,0,1,0
13,-3,0,1,-3,0,1,0
14,-3,0,0,25,0,1,0
15,-3,0,0,25,0,1,0
16,-3,0,0,30,0,1,0
17,-3,0,-3,32,0,1,0
18,-3,0,0,35,0,1,0
19,-3,0,0,40,0,1,0
20,-3,0,-3,25,0,0,0
21,-3,0,-3,39,0,1,0
22,-3,0,0,35,0,1,0
23,-3,0,1,0,0,1,0
24,-3,0,-3,45,0,1,0
25,-3,0,-3,48,0,0,0
26,-3,0,0,40,0,0,0
27,-3,0,0,30,0,1,0
28,-3,0,0,35,0,1,0
29,-3,0,-3,35,0,1,0
30,-3,0,-3,30,0,1,0
31,-3,0,0,50,0,1,0
32,-3,0,0,45,0,0,0
33,-3,0,0,40,0,1,0
34,-3,0,1,0,0,0,0
35,-3,0,0,30,0,0,0
36,-3,0,-3,34,0,0,0
37,-3,0,0,30,0,1,0
38,-3,0,0,30,0,0,0
39,-3,0,-3,-3,0,1,0
40,-3,0,0,55,0,1,0
41,-3,0,0,50,0,1,0
42,-3,0,0,55,0,1,0
43,-3,0,0,35,0,1,0
44,-3,0,0,45,0,1,0
45,-3,0,0,30,0,1,0
46,-3,0,0,40,0,1,0
47,-3,0,0,30,0,1,0
48,-3,0,1,10,0,1,0
49,-3,0,0,35,0,1,0
50,-3,0,-3,40,0,0,0
51,-3,0,1,24,0,1,0
52,-3,0,0,40,0,1,0
53,-3,0,0,45,0,1,0
54,-3,0,0,40,0,1,0
55,-3,0,-3,40,0,1,0
56,-3,0,0,50,0,0,0
57,-3,0,0,40,0,1,0
58,-3,0,-3,50,0,1,0
59,-3,0,0,30,0,1,0
60,-3,0,-3,40,0,1,0
61,-3,0,0,40,0,0,0
62,-3,0,0,55,0,1,0
63,-3,0,0,40,0,1,0
64,-3,0,0,25,0,1,0
65,-3,0,0,30,0,1,0
66,-3,0,0,55,0,1,0
67,-3,0,0,45,0,1,0
68,-3,0,1,0,0,0,0
69,-3,0,-3,-3,0,1,0
70,-3,0,0,35,0,1,0
71,-3,0,0,40,0,1,0
72,-3,0,0,40,0,1,0
73,-3,0,2,0,0,1,0
74,-3,0,1,5,0,1,0
75,-3,0,0,50,0,1,0
76,-3,0,0,35,0,0,0
77,-3,0,0,30,0,1,0
78,-3,0,0,45,0,1,0
79,-3,0,0,42,0,0,0
80,-3,0,0,27,0,1,0
81,-3,0,0,30,0,1,0
82,-3,0,0,35,0,1,0
83,-3,0,1,35,0,1,0
84,-3,0,-3,40,0,0,0
85,-3,0,0,43,0,1,0
86,-3,0,0,45,0,1,0
87,-3,0,0,55,0,0,0
88,-3,0,0,50,0,0,0
89,-3,0,0,40,0,1,0
90,-3,0,0,25,0,0,0
91,-3,0,0,35,0,1,0
92,-3,0,0,35,0,1,0
93,-3,0,-3,-3,0,1,0
94,-3,0,0,45,0,0,0
95,-3,0,-3,42,0,1,0
96,-3,0,0,30,0,1,0
97,-3,0,1,-3,0,1,0
98,-3,0,0,40,0,1,0
99,-3,0,0,45,0,1,0
100,-3,0,0,35,0,1,0
101,-3,0,0,55,0,0,0
102,-3,0,0,40,0,1,0
103,-3,0,0,40,0,1,0
104,-3,0,-3,55,0,1,0
105,-3,0,1,10,0,1,0
106,-3,0,0,35,0,1,0
107,-3,0,0,40,0,1,0
108,-3,0,0,40,0,1,0
109,-3,0,0,45,0,0,0
110,-3,0,0,30,0,0,0
111,-3,0,1,-3,0,1,0
112,-3,0,0,30,0,1,0
113,-3,0,0,55,0,1,0
114,-3,0,-3,45,0,1,0
115,-3,0,0,30,0,1,0
116,-3,0,-3,29,0,1,0
117,-3,0,1,10,0,1,0
118,-3,0,0,34,0,1,0
119,-3,0,-3,30,0,1,0
120,-3,0,-3,30,0,1,0
121,-3,0,1,2,0,1,0
122,-3,0,0,35,0,1,0
123,-3,0,0,50,0,1,0
124,-3,0,0,45,0,1,0
125,-3,0,0,35,0,0,0
126,-3,0,0,45,0,0,0
127,-3,0,0,40,0,0,0
128,-3,0,0,40,0,1,0
129,-3,0,1,0,0,1,0
130,-3,0,0,50,0,1,0
131,-3,0,-3,39,0,1,0
132,-3,0,1,20,0,0,0
133,-3,0,0,45,0,1,0
134,-3,0,0,30,0,1,0
135,-3,0,0,33,0,0,0
136,-3,0,0,30,0,0,0
137,-3,0,-3,37,0,1,0
138,-3,0,0,45,0,1,0
139,-3,0,0,40,0,1,0
140,-3,0,0,36,0,1,0
141,-3,0,-3,30,0,0,0
142,-3,0,0,55,0,1,0
143,-3,0,0,55,0,1,0
144,-3,0,1,30,0,0,0
145,-3,0,0,40,0,1,0
146,-3,0,0,40,0,1,0
147,-3,0,-3,-3,0,1,0
148,-3,0,0,30,0,1,0
149,-3,0,0,40,0,1,0
150,-3,0,0,40,0,1,0
151,-3,0,0,31,0,1,0
152,-3,0,0,33,0,1,0
153,-3,0,0,35,0,1,0
154,-3,0,0,30,0,1,0
155,-3,0,0,50,0,1,0
156,-3,0,-3,40,0,0,0
157,-3,0,0,25,0,1,0
158,-3,0,1,0,0,0,0
159,-3,0,0,45,0,1,0
160,-3,0,0,48,0,1,0
161,-3,0,0,40,0,1,0
162,-3,0,0,35,0,1,0
163,-3,0,-3,38,0,1,0
164,-3,0,-3,30,0,1,0
165,-3,0,0,45,0,1,0
166,-3,0,0,45,0,0,0
167,-3,0,-3,42,0,1,0
168,-3,0,0,35,0,1,0
169,-3,0,-3,35,0,1,0
170,-3,0,-3,38,0,0,0
171,-3,0,0,50,0,0,0
172,-3,0,1,10,0,1,0
173,-3,0,0,55,0,0,0
174,-3,0,1,0,0,1,0
175,-3,0,0,28,0,1,0
176,-3,0,-3,-3,0,1,0
177,-3,0,0,55,0,0,0
178,-3,0,0,37,0,1,0
179,-3,0,0,42,0,0,0
180,-3,0,0,45,0,1,0
181,-3,0,0,45,0,1,0
182,-3,0,0,45,0,1,0
183,-3,0,0,30,0,1,0
184,-3,0,-3,40,0,0,0
185,-3,0,0,25,0,1,0
186,-3,0,0,45,0,1,0
187,-3,0,0,35,0,1,0
188,-3,0,0,40,0,1,0
189,-3,0,0,45,0,1,0
190,-3,0,0,30,0,1,0
191,-3,0,1,0,0,1,0
192,-3,0,0,35,0,1,0
193,-3,0,0,50,0,1,0
194,-3,0,-3,35,0,1,0
195,-3,0,-3,31,0,1,0
196,-3,0,0,30,0,1,0
197,-3,0,0,35,0,1,0
198,-3,0,0,45,0,1,0
199,-3,0,0,40,0,0,0
200,-3,0,0,30,0,1,0
201,-3,0,0,30,0,0,0
202,-3,0,0,55,0,1,0
203,-3,0,0,55,0,1,0
204,-3,0,0,40,0,1,0
205,-3,0,0,30,0,1,0
206,-3,0,0,50,0,1,0
207,-3,0,0,30,0,0,0
208,-3,0,0,35,0,1,0
209,-3,0,0,43,0,1,0
210,-3,0,0,28,0,1,0
211,-3,0,0,35,0,1,0
212,-3,0,0,40,0,1,0
213,-3,0,0,45,0,1,0
214,-3,0,0,40,0,0,0
215,-3,0,0,30,0,1,0
216,-3,0,0,30,0,1,0
217,-3,0,0,30,0,0,0
218,-3,0,0,35,0,1,0
219,-3,0,0,55,0,0,0
220,-3,0,0,45,0,1,0
221,-3,0,-3,34,0,1,0
222,-3,0,0,35,0,1,0
223,-3,0,0,30,0,1,0
224,-3,0,0,35,0,0,0
225,-3,0,0,40,0,0,0
226,-3,0,0,48,0,0,0
227,-3,0,0,50,0,1,0
228,-3,0,1,5,0,1,0
229,-3,0,0,55,0,1,0
230,-3,0,-3,35,0,1,0
231,-3,0,0,40,0,1,0
232,-3,0,0,40,0,1,0
233,-3,0,0,50,0,1,0
234,-3,0,0,40,0,1,0
235,-3,0,-3,-3,0,1,0
236,-3,0,0,43,0,0,0
237,-3,0,0,40,0,0,0
238,-3,0,0,30,0,1,0
239,-3,0,-3,50,0,0,0
240,-3,0,0,30,0,1,0
241,-3,0,0,40,0,1,0
242,-3,0,-3,35,0,1,0
243,-3,0,0,35,0,0,0
244,-3,0,0,55,0,1,0
245,-3,0,0,44,0,1,0
246,-3,0,-3,32,0,1,0
247,-3,0,0,25,0,1,0
248,-3,0,-3,25,0,1,0
249,-3,0,0,25,0,1,0
250,-3,0,-3,30,0,1,0
251,-3,0,0,30,0,1,0
252,-3,0,0,35,0,1,0
253,-3,0,0,55,0,0,0
254,-3,0,1,0,0,0,0
255,-3,0,0,45,0,1,0
256,-3,0,0,35,0,0,0
257,-3,0,-3,40,0,1,0
258,-3,0,-3,31,0,0,0
259,-3,0,0,25,0,1,0
260,-3,0,0,45,0,0,0
261,-3,0,-3,-3,0,1,0
262,-3,0,0,35,0,1,0
263,-3,0,0,26,0,0,0
264,-3,0,0,50,0,1,0
265,-3,0,-3,45,0,0,0
266,-3,0,0,56,0,0,0
267,-3,0,0,30,0,1,0
268,-3,0,0,35,0,0,0
269,-3,0,0,50,0,1,0
270,-3,0,0,35,0,1,0
271,-3,0,0,40,0,0,0
272,-3,0,0,35,0,1,0
273,-3,0,0,50,0,1,0
274,-3,0,0,38,0,0,0
275,-3,0,0,55,0,1,0
276,-3,0,0,55,0,0,0
277,-3,0,0,55,0,1,0
278,-3,0,0,48,0,1,0
279,-3,0,0,50,0,1,0
280,-3,0,-3,-3,0,0,0
281,-3,0,0,35,0,1,0
282,-3,0,0,55,0,0,0
283,-3,0,0,25,0,1,0
284,-3,0,0,45,0,1,0
285,-3,0,0,40,0,1,0
286,-3,0,0,55,0,0,0
287,-3,0,0,40,0,0,0
288,-3,0,0,32,0,0,0
289,-3,0,0,55,0,1,0
290,-3,0,0,35,0,1,0
291,-3,0,-3,35,0,1,0
292,-3,0,0,45,0,1,0
293,-3,0,0,30,0,1,0
294,-3,0,0,35,0,1,0
295,-3,0,0,40,0,1,0
296,-3,0,0,35,0,1,0
297,-3,0,-3,35,0,0,0
298,-3,0,1,-3,0,1,0
299,-3,0,0,35,0,1,0
300,-3,0,-3,45,0,1,0
301,-3,0,0,55,0,1,0
302,-3,0,0,30,0,1,0
303,-3,0,0,40,0,1,0
304,-3,0,1,10,0,1,0
305,-3,0,-3,45,0,0,0
306,-3,0,0,30,0,1,0
307,-3,0,1,0,0,1,0
308,-3,0,0,40,0,1,0
309,-3,0,0,25,0,1,0
310,-3,0,1,15,0,1,0
311,-3,0,0,42,0,1,0
312,-3,0,0,35,0,1,0
313,-3,0,-3,30,0,1,0
314,-3,0,-3,31,0,1,0
315,-3,0,0,25,0,1,0
316,-3,0,0,30,0,1,0
317,-3,0,1,0,0,1,0
318,-3,0,0,50,0,1,0
319,-3,0,1,0,0,0,0
320,-3,0,0,29,0,1,0
321,-3,0,0,30,0,1,0
322,-3,0,0,34,0,1,0
323,-3,0,0,40,0,1,0
324,-3,0,0,45,0,1,0
325,-3,0,-3,31,0,1,0
326,-3,0,-3,32,0,1,0
327,-3,0,0,35,0,1,0
328,-3,0,0,35,0,1,0
329,-3,0,0,40,0,1,0
330,-3,0,-3,40,0,0,0
331,-3,0,1,30,0,1,0
332,-3,0,2,-3,0,1,0
333,-3,0,0,40,0,1,0
334,-3,0,-3,45,0,1,0
335,-3,0,-3,45,0,1,0
336,-3,0,0,30,0,0,0
337,-3,0,0,30,0,1,0
338,-3,0,0,35,0,1,0
339,-3,0,0,25,0,1,0
340,-3,0,0,45,0,0,0
341,-3,0,0,30,0,1,0
342,-3,0,-3,36,0,1,0
343,-3,0,-3,35,0,1,0
344,-3,0,0,35,0,1,0
345,-3,0,1,-3,0,1,0
346,-3,0,0,35,0,1,0
347,-3,0,0,37,0,1,0
348,-3,0,0,55,0,0,0
349,-3,0,0,30,0,1,0
350,-3,0,0,35,0,0,0
351,-3,0,-3,37,0,1,0
352,-3,0,0,35,0,1,0
353,-3,0,0,30,0,1,0
354,-3,0,0,30,0,0,0
355,-3,0,0,40,0,1,0
356,-3,0,0,44,0,1,0
357,-3,0,0,45,0,1,0
358,-3,0,1,10,0,1,0
359,-3,0,0,48,0,1,0
360,-3,0,0,45,0,1,0
361,-3,0,0,30,0,1,0
362,-3,0,0,30,0,1,0
363,-3,0,0,45,0,1,0
364,-3,0,-3,35,0,1,0
365,-3,0,0,35,0,1,0
366,-3,0,0,40,0,1,0
367,-3,0,0,25,0,1,0
368,-3,0,0,25,0,1,0
369,-3,0,3,55,0,1,0
370,-3,0,-3,29,0,1,0
371,-3,0,-3,45,0,0,0
372,-3,0,0,35,0,1,0
373,-3,0,0,35,0,1,0
374,-3,0,0,45,0,1,0
375,-3,0,0,31,0,1,0
376,-3,0,-3,55,0,1,0
377,-3,0,0,31,0,1,0
378,-3,0,0,45,0,0,0
379,-3,0,0,50,0,1,0
380,-3,0,0,40,0,1,0
381,-3,0,-3,40,0,1,0
382,-3,0,0,40,0,1,0
383,-3,0,0,47,0,1,0
384,-3,0,-3,35,0,1,0
385,-3,0,0,45,0,0,0
386,-3,0,0,40,0,1,0
387,-3,0,0,20,0,1,0
388,-3,0,1,5,0,1,0
389,-3,0,0,50,0,0,0
390,-3,0,0,40,0,1,0
391,-3,0,0,35,0,1,0
392,-3,0,-3,-3,0,1,0
393,-3,0,0,30,0,0,0
394,-3,0,0,34,0,0,0
395,-3,0,-3,45,0,1,0
396,-3,0,0,27,0,1,0
397,-3,0,0,40,0,1,0
398,-3,0,0,45,0,0,0
399,-3,0,0,30,0,1,0
400,-3,0,0,40,0,1,0
401,-3,0,-3,40,0,0,0
402,-3,0,0,25,0,1,0
403,-3,0,0,40,0,1,0
404,-3,0,0,45,0,0,0
405,-3,0,0,39,0,1,0
406,-3,0,0,30,0,1,0
407,-3,0,0,35,0,1,0
408,-3,0,0,50,0,1,0
409,-3,0,0,20,0,1,0
410,-3,0,0,31,0,1,0
411,-3,0,0,30,0,1,0
412,-3,0,0,45,0,0,0
413,-3,0,0,20,0,1,0
414,-3,0,-3,45,0,1,0
415,-3,0,0,50,0,1,0
416,-3,0,0,30,0,1,0
417,-3,0,0,38,0,1,0
418,-3,0,0,55,0,0,0
419,-3,0,0,35,0,1,0
420,-3,0,0,30,0,1,0
421,-3,0,0,45,0,1,0
422,-3,0,0,20,0,0,0
423,-3,0,0,45,0,1,0
424,-3,0,0,45,0,1,0
425,-3,0,0,55,0,0,0
426,-3,0,0,35,0,1,0
427,-3,0,-3,30,0,1,0
428,-3,0,0,35,0,1,0
429,-3,0,0,50,0,1,0
430,-3,0,0,27,0,1,0
431,-3,0,0,27,0,1,0
432,-3,0,0,50,0,1,0
433,-3,0,0,45,0,0,0
434,-3,0,0,30,0,1,0
435,-3,0,-3,35,0,1,0
436,-3,0,-3,45,0,0,0
437,-3,0,0,38,0,0,0
438,-3,0,0,30,0,0,0
439,-3,0,0,40,0,1,0
440,-3,0,0,50,0,1,0
441,-3,0,0,40,0,0,0
442,-3,0,0,40,0,1,0
443,-3,0,0,35,0,1,0
444,-3,0,-3,31,0,1,0
445,-3,0,0,40,0,1,0
446,-3,0,0,30,0,1,0
447,-3,0,0,35,0,1,0
448,-3,0,0,35,0,1,0
449,-3,0,-3,45,0,1,0
450,-3,0,0,30,0,1,0
451,-3,0,0,35,0,0,0
452,-3,0,0,30,0,1,0
453,-3,0,0,55,0,1,0
454,-3,0,-3,35,0,0,0
455,-3,0,-3,40,0,0,0
456,-3,0,-3,50,0,1,0
457,-3,0,0,23,0,1,0
458,-3,0,-3,30,0,1,0
459,-3,0,0,30,0,1,0
460,-3,0,0,35,0,1,0
461,-3,0,0,25,0,1,0
462,-3,0,0,42,0,1,0
463,-3,0,0,35,0,0,0
464,-3,0,0,40,0,1,0
465,-3,0,0,45,0,0,0
466,-3,0,0,35,0,1,0
467,-3,0,-3,35,0,0,0
468,-3,0,0,42,0,1,0
469,-3,0,0,40,0,1,0
470,-3,0,0,50,0,1,0
471,-3,0,1,45,0,1,0
472,-3,0,0,40,0,1,0
473,-3,0,0,55,0,0,0
474,-3,0,0,32,0,1,0
475,-3,0,0,40,0,0,0
476,-3,0,-3,50,0,0,0
477,-3,0,0,55,0,0,0
478,-3,0,-3,33,0,0,0
479,-3,0,0,25,0,1,0
480,-3,0,0,45,0,1,0
481,-3,0,-3,30,0,0,0
482,-3,0,1,5,0,0,0
483,-3,0,0,50,0,1,0
484,-3,0,2,15,0,1,0
485,-3,0,0,35,0,1,0
486,-3,0,0,35,0,0,0
487,-3,0,0,30,0,1,0
488,-3,0,0,55,0,1,0
489,-3,0,0,40,0,0,0
490,-3,0,0,30,0,1,0
491,-3,0,-3,25,0,1,0
492,-3,0,1,15,0,0,0
493,-3,0,-3,35,0,1,0
494,-3,0,-3,40,0,0,0
495,-3,0,1,0,0,1,0
496,-3,0,0,50,0,1,0
497,-3,0,0,31,0,1,0
498,-3,0,0,40,0,1,0
499,-3,0,-3,-3,0,1,0
500,-3,0,0,45,0,0,0
501,-3,0,1,3,0,1,0
502,-3,0,0,35,0,1,0
503,-3,0,0,40,0,1,0
504,-3,0,0,30,0,0,0
505,-3,0,0,30,0,1,0
506,-3,0,1,10,0,1,0
507,-3,0,0,40,0,1,0
508,-3,0,2,-3,0,1,0
509,-3,0,0,45,0,1,0
510,-3,0,0,55,0,1,0
511,-3,0,0,30,0,0,0
512,-3,0,0,40,0,1,0
513,-3,0,-3,35,0,0,0
514,-3,0,-3,45,0,0,0
515,-3,0,0,49,0,1,0
516,-3,0,0,40,0,1,0
517,-3,0,-3,55,0,0,0
518,-3,0,1,0,0,1,0
519,-3,0,0,45,0,1,0
520,-3,0,-3,-3,0,1,0
521,-3,0,0,30,0,1,0
522,-3,0,0,40,0,1,0
523,-3,0,0,35,0,1,0
524,-3,0,0,35,0,1,0
525,-3,0,0,45,0,1,0
526,-3,0,0,35,0,1,0
527,-3,0,0,49,0,0,0
528,-3,0,1,0,0,0,0
529,-3,0,-3,15,0,0,0
530,-3,0,0,30,0,0,0
531,-3,0,0,40,0,1,0
532,-3,0,-3,30,0,1,0
533,-3,0,0,40,0,1,0
534,-3,0,0,30,0,1,0
535,-3,0,-3,33,0,1,0
536,-3,0,0,35,0,1,0
537,-3,0,1,25,0,0,0
538,-3,0,0,35,0,1,0
539,-3,0,0,30,0,1,0
540,-3,0,0,30,0,1,0
541,-3,0,1,0,0,1,0
542,-3,0,0,45,0,1,0
543,-3,0,-3,35,0,0,0
544,-3,0,0,35,0,1,0
545,-3,0,0,30,0,0,0
546,-3,0,0,37,0,1,0
547,-3,0,0,30,0,1,0
548,-3,0,0,35,0,1,0
549,-3,0,-3,29,0,0,0
550,-3,0,0,30,0,1,0
551,-3,0,0,45,0,1,0
552,-3,0,0,40,0,0,0
553,-3,0,0,45,0,1,0
554,-3,0,0,52,0,0,0
555,-3,0,0,59,0,1,0
556,-3,0,0,45,0,0,0
557,-3,0,0,40,0,1,0
558,-3,0,0,40,0,0,0
559,-3,0,0,45,0,1,0
560,-3,0,0,55,0,1,0
561,-3,0,-3,47,0,1,0
562,-3,0,0,50,0,1,0
563,-3,0,0,30,0,0,0
564,-3,0,0,35,0,1,0
565,-3,0,0,35,0,1,0
566,-3,0,0,40,0,1,0
567,-3,0,0,45,0,1,0
568,-3,0,0,35,0,1,0
569,-3,0,0,45,0,1,0
570,-3,0,0,35,0,1,0
571,-3,0,-3,35,0,1,0
572,-3,0,0,40,0,0,0
573,-3,0,0,31,0,1,0
574,-3,0,0,-3,0,1,0
575,-3,0,0,45,0,1,0
576,-3,0,0,35,0,0,0
577,-3,0,0,38,0,1,0
578,-3,0,0,30,0,1,0
579,-3,0,2,50,0,1,0
580,-3,0,0,50,0,0,0
581,-3,0,0,35,0,1,0
582,-3,0,0,30,0,1,0
583,-3,0,0,52,0,1,0
584,-3,0,0,30,0,1,0
585,-3,0,-3,50,0,1,0
586,-3,0,0,35,0,1,0
587,-3,0,0,45,0,1,0
588,-3,0,0,23,0,1,0
589,-3,0,-3,40,0,1,0
590,-3,0,0,35,0,1,0
591,-3,0,0,50,0,1,0
592,-3,0,-3,32,0,1,0
593,-3,0,0,20,0,1,0
594,-3,0,0,45,0,1,0
595,-3,0,1,-3,0,0,0
596,-3,0,0,45,0,1,0
597,-3,0,0,50,0,1,0
598,-3,0,0,50,0,0,0
599,-3,0,0,55,0,0,0
600,-3,0,0,40,0,0,0
601,-3,0,-3,35,0,0,0
602,-3,0,-3,28,0,1,0
603,-3,0,0,40,0,0,0
604,-3,0,0,44,0,0,0
605,-3,0,-3,-3,0,1,0
606,-3,0,0,45,0,1,0
607,-3,0,0,57,0,1,0
608,-3,0,0,15,0,0,0
609,-3,0,0,44,0,1,0
610,-3,0,1,0,0,1,0
611,-3,0,0,30,0,1,0
612,-3,0,0,40,0,0,0
613,-3,0,0,40,0,1,0
614,-3,0,0,50,0,1,0
615,-3,0,0,40,0,1,0
616,-3,0,-3,47,0,0,0
617,-3,0,0,45,0,1,0
618,-3,0,0,30,0,0,0
619,-3,0,0,38,0,1,0
620,-3,0,0,30,0,1,0
621,-3,0,0,38,0,1,0
622,-3,0,0,40,0,1,0
623,-3,0,0,40,0,1,0
624,-3,0,0,35,0,1,0
625,-3,0,0,55,0,0,0
626,-3,0,0,30,0,1,0
627,-3,0,0,55,0,1,0
628,-3,0,-2,-2,0,0,0
629,-3,0,0,45,0,1,0
630,-3,0,0,40,0,1,0
631,-3,0,0,40,0,0,0
632,-3,0,0,45,0,1,0
633,-3,0,0,28,0,0,0
634,-3,0,0,40,0,1,0
635,-3,0,0,32,0,1,0
636,-3,0,0,35,0,1,0
637,-3,0,0,20,0,1,0
638,-3,0,0,50,0,1,0
639,-3,0,0,50,0,0,0
640,-3,0,0,35,0,1,0
641,-3,0,0,35,0,0,0
642,-3,0,0,35,0,1,0
643,-3,0,0,27,0,1,0
644,-3,0,-3,41,0,1,0
645,-3,0,0,42,0,1,0
646,-3,0,0,30,0,1,0
647,-3,0,0,55,0,1,0
648,-3,0,-3,50,0,1,0
649,-3,0,-3,35,0,0,0
650,-3,0,0,25,0,0,0
651,-3,0,0,35,0,1,0
652,-3,0,1,0,0,0,0
653,-3,0,0,30,0,1,0
654,-3,0,0,45,0,0,0
655,-3,0,0,40,0,1,0
656,-3,0,1,2,0,1,0
657,-3,0,0,40,0,0,0
658,-3,0,0,40,0,1,0
659,-3,0,0,45,0,1,0
660,-3,0,0,42,0,0,0
661,-3,0,-3,47,0,1,0
662,-3,0,-3,27,0,0,0
663,-3,0,1,20,0,1,0
664,-3,0,0,30,0,0,0
665,-3,0,1,-3,0,0,0
666,-3,0,0,40,0,1,0
667,-3,0,0,40,0,1,0
668,-3,0,0,49,0,1,0
669,-3,0,0,30,0,1,0
670,-3,0,-3,37,0,0,0
671,-3,0,0,35,0,1,0
672,-3,0,0,54,0,0,0
673,-3,0,0,25,0,0,0
674,-3,0,0,40,0,1,0
675,-3,0,-3,31,0,1,0
676,-3,0,0,35,0,1,0
677,-3,0,0,40,0,0,0
678,-3,0,0,40,0,1,0
679,-3,0,0,50,0,1,0
680,-3,0,0,30,0,1,0
681,-3,0,-3,35,0,0,0
682,-3,0,0,40,0,1,0
683,-3,0,-3,40,0,1,0
684,-3,0,-3,35,0,1,0
685,-3,0,0,35,0,1,0
686,-3,0,-3,30,0,0,0
687,-3,0,-3,41,0,1,0
688,-3,0,-3,55,0,1,0
689,-3,0,0,37,0,0,0
690,-3,0,0,35,0,1,0
691,-3,0,-3,45,0,1,0
692,-3,0,0,38,0,1,0
693,-3,0,0,40,0,1,0
694,-3,0,0,40,0,1,0
695,-3,0,0,55,0,0,0
696,-3,0,0,30,0,1,0
697,-3,0,0,35,0,1,0
698,-3,0,0,45,0,1,0
699,-3,0,0,45,0,0,0
700,-3,0,-3,35,0,1,0
701,-3,0,-3,35,0,1,0
702,-3,0,0,50,0,1,0
703,-3,0,0,44,0,0,0
704,-3,0,0,55,0,1,0
705,-3,0,0,41,0,1,0
706,-3,0,0,25,0,0,0
707,-3,0,0,35,0,1,0
708,-3,0,0,25,0,1,0
709,-3,0,0,30,0,1,0
710,-3,0,-3,45,0,1,0
711,-3,0,0,35,0,0,0
712,-3,0,0,30,0,1,0
713,-3,0,0,45,0,1,0
714,-3,0,0,30,0,1,0
715,-3,0,0,55,0,0,0
716,-3,0,0,45,0,1,0
717,-3,0,0,30,0,1,0
718,-3,0,0,45,0,1,0
719,-3,0,0,33,0,1,0
720,-3,0,0,30,0,1,0
721,-3,0,0,35,0,1,0
722,-3,0,0,40,0,0,0
723,-3,0,0,40,0,1,0
724,-3,0,0,50,0,0,0
725,-3,0,-3,-3,0,1,0
726,-3,0,0,30,0,1,0
727,-3,0,5,50,0,1,0
728,-3,0,0,30,0,1,0
729,-3,0,-3,40,0,0,0
730,-3,0,0,35,0,1,0
731,-3,0,0,30,0,0,0
732,-3,0,1,55,0,1,0
733,-3,0,1,-3,0,1,0
734,-3,0,0,35,0,1,0
735,-3,0,-3,35,0,1,0
736,-3,0,0,30,0,0,0
737,-3,0,0,45,0,1,0
738,-3,0,-3,35,0,1,0
739,-3,0,-3,45,0,1,0
740,-3,0,0,45,0,1,0
741,-3,0,1,10,0,1,0
742,-3,0,0,30,0,1,0
743,-3,0,-3,50,0,1,0
744,-3,0,0,50,0,1,0
745,-3,0,0,37,0,1,0
746,-3,0,0,55,0,1,0
747,-3,0,1,5,0,1,0
748,-3,0,0,40,0,1,0
749,-3,0,0,45,0,1,0
750,-3,0,-3,50,0,1,0
751,-3,0,0,39,0,0,0
752,-3,0,0,55,0,1,0
753,-3,0,-3,40,0,1,0
754,-3,0,0,40,0,1,0
755,-3,0,-3,29,0,1,0
756,-3,0,-3,50,0,1,0
757,-3,0,0,40,0,1,0
758,-3,0,0,40,0,0,0
759,-3,0,0,45,0,1,0
760,-3,0,-3,33,0,1,0
761,-3,0,-3,32,0,1,0
762,-3,0,0,30,0,1,0
763,-3,0,0,45,0,0,0
764,-3,0,0,51,0,1,0
765,-3,0,-3,30,0,1,0
766,-3,0,-3,35,0,1,0
767,-3,0,0,35,0,1,0
768,-3,0,-3,-3,0,1,0
769,-3,0,0,50,0,1,0
770,-3,0,-3,30,0,1,0
771,-3,0,0,30,0,1,0
772,-3,0,-3,29,0,1,0
773,-3,0,0,35,0,0,0
774,-3,0,-3,37,0,0,0
775,-3,0,0,51,0,1,0
776,-3,0,-3,25,0,1,0
777,-3,0,0,30,0,1,0
778,-3,0,0,30,0,1,0
779,-3,0,0,35,0,1,0
780,-3,0,0,38,0,1,0
781,-3,0,0,35,0,1,0
782,-3,0,0,30,0,1,0
783,-3,0,-3,35,0,0,0
784,-3,0,0,47,0,1,0
785,-3,0,0,35,0,1,0
786,-3,0,0,40,0,1,0
787,-3,0,-3,49,0,1,0
788,-3,0,0,32,0,0,0
789,-3,0,0,30,0,1,0
790,-3,0,0,46,0,1,0
791,-3,0,-3,-3,0,0,0
792,-3,0,0,55,0,1,0
793,-3,0,0,45,0,1,0
794,-3,0,0,50,0,0,0
795,-3,0,0,45,0,1,0
796,-3,0,0,40,0,0,0
797,-3,0,0,37,0,1,0
798,-3,0,0,40,0,1,0
799,-3,0,1,10,0,1,0
800,-3,0,0,45,0,0,0
801,-3,0,0,35,0,1,0
802,-3,0,1,10,0,0,0
803,-3,0,0,57,0,1,0
804,-3,0,0,40,0,1,0
805,-3,0,0,45,0,1,0
806,-3,0,-3,-3,0,0,0
807,-3,0,0,55,0,1,0
808,-3,0,0,45,0,1,0
809,-3,0,1,-3,0,1,0
810,-3,0,1,20,0,1,0
811,-3,0,1,-3,0,1,0
812,-3,0,1,20,0,1,0
813,-3,0,0,50,0,0,0
814,-3,0,0,42,0,1,0
815,-3,0,4,15,0,0,0
816,-3,0,2,-3,0,0,0
817,-3,0,0,24,0,0,0
818,-3,0,0,45,0,1,0
819,-3,0,0,45,0,1,0
820,-3,0,0,30,0,1,0
821,-3,0,0,50,0,0,0
822,-3,0,0,30,0,0,0
823,-3,0,-3,40,0,0,0
824,-3,0,1,-3,0,1,0
825,-3,0,0,45,0,0,0
826,-3,0,0,35,0,1,0
827,-3,0,1,0,0,0,0
828,-3,0,0,45,0,1,0
829,-3,0,0,30,0,1,0
830,-3,0,0,30,0,1,0
831,-3,0,-3,33,0,1,0
832,-3,0,0,35,0,1,0
833,-3,0,0,30,0,1,0
834,-3,0,0,30,0,1,0
835,-3,0,0,30,0,1,0
836,-3,0,0,40,0,1,0
837,-3,0,0,30,0,1,0
838,-3,0,0,30,0,1,0
839,-3,0,0,45,0,1,0
840,-3,0,0,40,0,1,0
841,-3,0,0,35,0,1,0
842,-3,0,0,34,0,0,0
843,-3,0,-3,45,0,1,0
844,-3,0,0,50,0,1,0
845,-3,0,0,45,0,1,0
846,-3,0,0,35,0,1,0
847,-3,0,0,25,0,1,0
848,-3,0,0,45,0,1,0
849,-3,0,-3,31,0,1,0
850,-3,0,1,0,0,1,0
851,-3,0,1,10,0,0,0
852,-3,0,-3,30,0,1,0
853,-3,0,0,25,0,1,0
854,-3,0,-3,-3,0,0,0
855,-3,0,0,30,0,0,0
856,-3,0,-3,-3,0,1,0
857,-3,0,0,45,0,1,0
858,-3,0,-3,25,0,1,0
859,-3,0,0,40,0,0,0
860,-3,0,1,0,0,1,0
861,-3,0,0,35,0,1,0
862,-3,0,-3,40,0,1,0
863,-3,0,0,40,0,1,0
864,-3,0,-3,30,0,1,0
865,-3,0,-3,45,0,1,0
866,-3,0,1,15,0,1,0
867,-3,0,0,30,0,0,0
868,-3,0,0,40,0,1,0
869,-3,0,0,40,0,1,0
870,-3,0,0,30,0,1,0
871,-3,0,1,10,0,1,0
872,-3,0,0,50,0,1,0
873,-3,0,4,0,0,1,0
874,-3,0,0,50,0,1,0
875,-3,0,0,45,0,1,0
876,-3,0,1,7,0,0,0
877,-3,0,0,55,0,1,0
878,-3,0,0,45,0,0,0
879,-3,0,0,35,0,1,0
880,-3,0,0,35,0,1,0
881,-3,0,0,40,0,0,0
882,-3,0,0,30,0,1,0
883,-3,0,-3,30,0,0,0
884,-3,0,0,30,0,0,0
885,-3,0,0,25,0,1,0
886,-3,0,0,30,0,1,0
887,-3,0,0,30,0,1,0
888,-3,0,-3,30,0,1,0
889,-3,0,0,40,0,0,0
890,-3,0,0,40,0,1,0
891,-3,0,0,45,0,0,0
892,-3,0,-3,58,0,1,0
893,-3,0,0,35,0,0,0
894,-3,0,0,45,0,1,0
895,-3,0,0,45,0,0,0
896,-3,0,-3,40,0,1,0
897,-3,0,0,35,0,0,0
898,-3,0,0,45,0,1,0
899,-3,0,1,5,0,1,0
900,-3,0,0,30,0,1,0
901,-3,0,0,45,0,1,0
902,-3,0,-3,35,0,1,0
903,-3,0,-3,32,0,1,0
904,-3,0,0,30,0,1,0
905,-3,0,0,45,0,1,0
906,-3,0,0,30,0,1,0
907,-3,0,-3,35,0,0,0
908,-3,0,0,25,0,1,0
909,-3,0,0,50,0,0,0
910,-3,0,-3,35,0,1,0
911,-3,0,0,35,0,1,0
912,-3,0,0,35,0,1,0
913,-3,0,1,23,0,0,0
914,-3,0,0,30,0,1,0
915,-3,0,1,15,0,1,0
916,-3,0,-3,25,0,0,0
917,-3,0,0,55,0,1,0
918,-3,0,-3,45,0,1,0
919,-3,0,0,50,0,1,0
920,-3,0,0,45,0,1,0
921,-3,0,-3,30,0,1,0
922,-3,0,-3,45,0,1,0
923,-3,0,0,34,0,1,0
924,-3,0,0,36,0,1,0
925,-3,0,0,30,0,1,0
926,-3,0,1,5,0,0,0
927,-3,0,0,40,0,1,0
928,-3,0,0,30,0,0,0
929,-3,0,0,33,0,1,0
930,-3,0,-3,-3,0,1,0
931,-3,0,0,35,0,1,0
932,-3,0,0,40,0,1,0
933,-3,0,0,55,0,1,0
934,-3,0,-3,30,0,1,0
935,-3,0,0,40,0,1,0
936,-3,0,1,14,0,1,0
937,-3,0,0,35,0,1,0
938,-3,0,-3,35,0,1,0
939,-3,0,0,45,0,1,0
940,-3,0,0,35,0,1,0
941,-3,0,0,55,0,0,0
942,-3,0,0,45,0,1,0
943,-3,0,0,50,0,0,0
944,-3,0,0,45,0,1,0
945,-3,0,0,35,0,1,0
946,-3,0,0,35,0,1,0
947,-3,0,0,31,0,1,0
948,-3,0,0,30,0,1,0
949,-3,0,1,-3,0,0,0
950,-3,0,0,35,0,1,0
951,-3,0,0,40,0,1,0
952,-3,0,1,5,0,1,0
953,-3,0,0,55,0,1,0
954,-3,0,0,35,0,1,0
955,-3,0,0,30,0,1,0
956,-3,0,0,35,0,1,0
957,-3,0,0,35,0,1,0
958,-3,0,0,45,0,1,0
959,-3,0,-3,35,0,1,0
960,-3,0,0,45,0,1,0
961,-3,0,0,30,0,0,0
962,-3,0,1,-3,0,0,0
963,-3,0,-3,45,0,1,0
964,-3,0,0,45,0,1,0
965,-3,0,0,40,0,1,0
966,-3,0,0,30,0,1,0
967,-3,0,-3,35,0,1,0
968,-3,0,0,35,0,1,0
969,-3,0,-3,45,0,0,0
970,-3,0,0,35,0,1,0
971,-3,0,0,30,0,1,0
972,-3,0,0,35,0,1,0
973,-3,0,0,40,0,1,0
974,-3,0,0,45,0,0,0
975,-3,0,0,47,0,1,0
976,-3,0,0,40,0,1,0
977,-3,0,-3,40,0,1,0
978,-3,0,0,30,0,1,0
979,-3,0,1,15,0,0,0
980,-3,0,0,45,0,1,0
981,-3,0,0,30,0,1,0
982,-3,0,0,50,0,1,0
983,-3,0,0,30,0,1,0
984,-3,0,-3,40,0,1,0
985,-3,0,0,30,0,1,0
986,-3,0,1,0,0,1,0
987,-3,0,0,36,0,1,0
988,-3,0,0,40,0,1,0
989,-3,0,-3,40,0,1,0
990,-3,0,0,35,0,1,0
991,-3,0,0,35,0,0,0
992,-3,0,0,45,0,1,0
993,-3,0,0,45,0,1,0
994,-3,0,1,-3,0,1,0
995,-3,0,0,35,0,1,0
996,-3,0,0,35,0,0,0
997,-3,0,0,25,0,1,0
998,-3,0,0,30,0,1,0
999,-3,0,1,0,0,1,0
1000,-3,0,0,31,0,1,0
1001,-3,0,0,34,0,1,0
1002,-3,0,0,40,0,0,0
1003,-3,0,-3,35,0,1,0
1004,-3,0,0,35,0,1,0
1005,-3,0,0,25,0,0,0
1006,-3,0,0,38,0,0,0
1007,-3,0,0,55,0,1,0
1008,-3,0,0,45,0,1,0
1009,-3,0,0,35,0,1,0
1010,-3,0,0,35,0,1,0
1011,-3,0,-3,45,0,1,0
1012,-3,0,0,45,0,0,0
1013,-3,0,0,37,0,1,0
1014,-3,0,0,35,0,1,0
1015,-3,0,-3,22,0,1,0
1016,-3,0,1,11,0,0,0
1017,-3,0,1,5,0,1,0
1018,-3,0,0,40,0,1,0
1019,-3,0,-3,45,0,0,0
1020,-3,0,0,40,0,1,0
1021,-3,0,1,0,0,0,0
1022,-3,0,1,-3,0,1,0
1023,-3,0,0,40,0,1,0
1024,-3,0,-3,35,0,1,0
1025,-3,0,0,35,0,0,0
1026,-3,0,0,30,0,1,0
1027,-3,0,0,35,0,1,0
1028,-3,0,0,50,0,0,0
1029,-3,0,-3,55,0,0,0
1030,-3,0,0,40,0,1,0
1031,-3,0,0,25,0,0,0
1032,-3,0,0,46,0,1,0
1033,-3,0,-3,30,0,1,0
1034,-3,0,0,47,0,1,0
1035,-3,0,0,50,0,1,0
1036,-3,0,0,30,0,1,0
1037,-3,0,0,30,0,1,0
1038,-3,0,0,55,0,1,0
1039,-3,0,1,50,0,0,0
1040,-3,0,-3,-3,0,1,0
1041,-3,0,0,30,0,1,0
1042,-3,0,-3,55,0,1,0
1043,-3,0,1,-3,0,1,0
1044,-3,0,0,30,0,1,0
1045,-3,0,1,0,0,1,0
1046,-3,0,0,35,0,0,0
1047,-3,0,1,0,0,1,0
1048,-3,0,0,30,0,1,0
1049,-3,0,0,40,0,1,0
1050,-3,0,0,30,0,1,0
1051,-3,0,0,15,0,1,0
1052,-3,0,0,30,0,1,0
1053,-3,0,0,38,0,0,0
1054,-3,0,0,40,0,1,0
1055,-3,0,0,28,0,0,0
1056,-3,0,-3,40,0,1,0
1057,-3,0,0,40,0,1,0
1058,-3,0,0,52,0,1,0
1059,-3,0,-3,35,0,1,0
1060,-3,0,1,10,0,1,0
1061,-3,0,0,30,0,1,0
1062,-3,0,0,55,0,1,0
1063,-3,0,0,35,0,0,0
1064,-3,0,0,50,0,1,0
1065,-3,0,0,30,0,0,0
1066,-3,0,1,-3,0,1,0
1067,-3,0,-3,-3,0,1,0
1068,-3,0,0,30,0,1,0
1069,-3,0,1,5,0,1,0
1070,-3,0,0,27,0,1,0
1071,-3,0,0,40,0,1,0
1072,-3,0,0,30,0,1,0
1073,-3,0,1,5,0,1,0
1074,-3,0,0,35,0,1,0
1075,-3,0,1,5,0,1,0
1076,-3,0,-3,45,0,1,0
1077,-3,0,-3,50,0,1,0
1078,-3,0,-3,-3,0,1,0
1079,-3,0,1,10,0,0,0
1080,-3,0,0,45,0,0,0
1081,-3,0,0,25,0,1,0
1082,-3,0,1,0,0,1,0
1083,-3,0,0,50,0,1,0
1084,-3,0,0,35,0,1,0
1085,-3,0,1,24,0,1,0
1086,-3,0,0,35,0,1,0
1087,-3,0,1,15,0,1,0
1088,-3,0,0,30,0,1,0
1089,-3,0,0,45,0,1,0
1090,-3,0,0,45,0,1,0
1091,-3,0,1,21,0,0,0
1092,-3,0,0,35,0,1,0
1093,-3,0,-3,50,0,1,0
1094,-3,0,0,45,0,1,0
1095,-3,0,0,45,0,1,0
1096,-3,0,0,45,0,0,0
1097,-3,0,1,0,0,1,0
1098,-3,0,0,50,0,1,0
1099,-3,0,0,55,0,1,0
1100,-3,0,1,5,0,0,0
1101,-3,0,0,48,0,1,0
1102,-3,0,0,45,0,1,0
1103,-3,0,0,35,0,1,0
1104,-3,0,0,50,0,0,0
1105,-3,0,0,45,0,1,0
1106,-3,0,-3,35,0,1,0
1107,-3,0,0,40,0,0,0
1108,-3,0,0,45,0,1,0
1109,-3,0,0,45,0,1,0
1110,-3,0,-3,30,0,0,0
1111,-3,0,0,35,0,1,0
1112,-3,0,0,36,0,1,0
1113,-3,0,0,45,0,1,0
1114,-3,0,0,50,0,1,0
1115,-3,0,0,40,0,1,0
1116,-3,0,-3,45,0,1,0
1117,-3,0,-3,45,0,1,0
1118,-3,0,0,35,0,1,0
1119,-3,0,0,30,0,0,0
1120,-3,0,0,35,0,1,0
1121,-3,0,0,40,0,1,0
1122,-3,0,-3,35,0,1,0
1123,-3,0,1,-3,0,1,0
1124,-3,0,1,0,0,0,0
1125,-3,0,0,45,0,1,0
1126,-3,0,0,30,0,0,0
1127,-3,0,0,30,0,0,0
1128,-3,0,0,30,0,1,0
1129,-3,0,0,25,0,1,0
1130,-3,0,0,30,0,1,0
1131,-3,0,1,-3,0,1,0
1132,-3,0,1,25,0,1,0
1133,-3,0,0,30,0,1,0
1134,-3,0,0,47,0,0,0
1135,-3,0,1,20,0,1,0
1136,-3,0,-3,55,0,1,0
1137,-3,0,0,30,0,1,0
1138,-3,0,0,30,0,0,0
1139,-3,0,0,35,0,1,0
1140,-3,0,-3,30,0,1,0
1141,-3,0,0,30,0,0,0
1142,-3,0,-3,45,0,1,0
1143,-3,0,1,55,0,1,0
1144,-3,0,0,30,0,1,0
1145,-3,0,0,35,0,1,0
1146,-3,0,0,50,0,1,0
1147,-3,0,-3,45,0,1,0
1148,-3,0,0,35,0,0,0
1149,-3,0,0,40,0,1,0
1150,-3,0,0,45,0,1,0
1151,-3,0,-3,35,0,0,0
1152,-3,0,0,40,0,1,0
1153,-3,0,0,37,0,0,0
1154,-3,0,1,0,0,1,0
1155,-3,0,0,45,0,0,0
1156,-3,0,0,38,0,1,0
1157,-3,0,0,30,0,1,0
1158,-3,0,0,40,0,1,0
1159,-3,0,0,35,0,1,0
1160,-3,0,0,40,0,1,0
1161,-3,0,-3,30,0,1,0
1162,-3,0,0,55,0,1,0
1163,-3,0,0,50,0,1,0
1164,-3,0,0,41,0,1,0
1165,-3,0,-3,35,0,1,0
1166,-3,0,0,25,0,1,0
1167,-3,0,-3,45,0,0,0
1168,-3,0,0,40,0,1,0
1169,-3,0,1,15,0,1,0
1170,-3,0,-3,45,0,1,0
1171,-3,0,0,30,0,1,0
1172,-3,0,0,35,0,1,0
1173,-3,0,-3,30,0,0,0
1174,-3,0,0,35,0,0,0
1175,-3,0,-3,42,0,1,0
1176,-3,0,0,30,0,1,0
1177,-3,0,0,55,0,1,0
1178,-3,0,0,50,0,1,0
1179,-3,0,0,30,0,1,0
1180,-3,0,0,40,0,1,0
1181,-3,0,0,45,0,1,0
1182,-3,0,0,30,0,1,0
1183,-3,0,0,30,0,1,0
1184,-3,0,0,40,0,1,0
1185,-3,0,0,36,0,1,0
1186,-3,0,0,35,0,1,0
1187,-3,0,0,37,0,1,0
1188,-3,0,0,43,0,1,0
1189,-3,0,0,40,0,1,0
1190,-3,0,0,26,0,1,0
1191,-3,0,-3,55,0,1,0
1192,-3,0,0,25,0,1,0
1193,-3,0,0,40,0,1,0
1194,-3,0,-3,31,0,1,0
1195,-3,0,1,0,0,1,0
1196,-3,0,0,45,0,1,0
1197,-3,0,0,35,0,1,0
1198,-3,0,1,0,0,1,0
1199,-3,0,1,0,0,1,0
1200,-3,0,1,0,0,1,0
1201,-3,0,0,40,0,1,0
1202,-3,0,0,45,0,1,0
1203,-3,0,0,30,0,1,0
1204,-3,0,0,56,0,1,0
1205,-3,0,0,45,0,1,0
1206,-3,0,0,30,0,1,0
1207,-3,0,1,3,0,1,0
1208,-3,0,0,40,0,1,0
1209,-3,0,0,55,0,1,0
1210,-3,0,0,33,0,1,0
1211,-3,0,0,30,0,1,0
1212,-3,0,0,30,0,1,0
1213,-3,0,0,30,0,1,0
1214,-3,0,0,35,0,1,0
1215,-3,0,0,32,0,1,0
1216,-3,0,1,15,0,1,0
1217,-3,0,0,35,0,0,0
1218,-3,0,0,25,0,1,0
1219,-3,0,0,30,0,1,0
1220,-3,0,0,55,0,1,0
1221,-3,0,0,45,0,1,0
1222,-3,0,-3,35,0,0,0
1223,-3,0,-3,35,0,1,0
1224,-3,0,0,40,0,1,0
1225,-3,0,0,30,0,0,0
1226,-3,0,1,10,0,0,0
1227,-3,0,1,0,0,1,0
1228,-3,0,0,35,0,1,0
1229,-3,0,0,30,0,1,0
1230,-3,0,0,40,0,1,0
1231,-3,0,0,56,0,1,0
1232,-3,0,0,40,0,1,0
1233,-3,0,0,35,0,1,0
1234,-3,0,0,30,0,1,0
1235,-3,0,0,36,0,0,0
1236,-3,0,-3,-3,0,1,0
1237,-3,0,-3,40,0,1,0
1238,-3,0,0,40,0,1,0
1239,-3,0,0,40,0,1,0
1240,-3,0,0,35,0,1,0
1241,-3,0,0,25,0,1,0
1242,-3,0,0,50,0,1,0
1243,-3,0,0,50,0,1,0
1244,-3,0,0,30,0,0,0
1245,-3,0,0,35,0,1,0
1246,-3,0,0,40,0,1,0
1247,-3,0,0,32,0,0,0
1248,-3,0,-3,45,0,1,0
1249,-3,0,0,40,0,0,0
1250,-3,0,0,30,0,1,0
1251,-3,0,0,35,0,1,0
1252,-3,0,0,30,0,0,0
1253,-3,0,0,39,0,1,0
1254,-3,0,0,38,0,1,0
1255,-3,0,0,29,0,1,0
1256,-3,0,-3,37,0,1,0
1257,-3,0,-3,30,0,1,0
1258,-3,0,0,40,0,1,0
1259,-3,0,0,30,0,1,0
1260,-3,0,0,35,0,1,0
1261,-3,0,0,49,0,1,0
1262,-3,0,0,35,0,1,0
1263,-3,0,0,48,0,0,0
1264,-3,0,0,33,0,1,0
1265,-3,0,0,40,0,0,0
1266,-3,0,-3,30,0,1,0
1267,-3,0,0,31,0,1,0
1268,-3,0,0,50,0,1,0
1269,-3,0,0,30,0,0,0
1270,-3,0,0,40,0,1,0
1271,-3,0,0,48,0,1,0
1272,-3,0,0,45,0,1,0
1273,-3,0,-3,-3,0,0,0
1274,-3,0,0,45,0,1,0
1275,-3,0,0,33,0,1,0
1276,-3,0,0,35,0,1,0
1277,-3,0,-3,40,0,0,0
1278,-3,0,1,30,0,1,0
1279,-3,0,0,45,0,1,0
1280,-3,0,0,40,0,1,0
1281,-3,0,-3,35,0,0,0
1282,-3,0,0,45,0,1,0
1283,-3,0,0,50,0,1,0
1284,-3,0,-3,32,0,1,0
1285,-3,0,0,40,0,0,0
1286,-3,0,0,52,0,1,0
1287,-3,0,1,0,0,1,0
1288,-3,0,-3,50,0,1,0
1289,-3,0,0,30,0,1,0
1290,-3,0,-3,45,0,1,0
1291,-3,0,0,45,0,1,0
1292,-3,0,0,40,0,1,0
1293,-3,0,1,15,0,1,0
1294,-3,0,0,45,0,1,0
1295,-3,0,0,35,0,1,0
1296,-3,0,0,45,0,1,0
1297,-3,0,0,30,0,0,0
1298,-3,0,0,45,0,1,0
1299,-3,0,1,30,0,0,0
1300,-3,0,0,38,0,1,0
1301,-3,0,0,35,0,1,0
1302,-3,0,0,35,0,1,0
1303,-3,0,0,30,0,1,0
1304,-3,0,-3,30,0,1,0
1305,-3,0,0,55,0,1,0
1306,-3,0,0,35,0,0,0
1307,-3,0,0,25,0,1,0
1308,-3,0,0,50,0,1,0
1309,-3,0,0,47,0,0,0
1310,-3,0,0,40,0,1,0
1311,-3,0,0,50,0,0,0
1312,-3,0,0,35,0,1,0
1313,-3,0,-3,40,0,1,0
1314,-3,0,0,55,0,0,0
1315,-3,0,0,40,0,0,0
1316,-3,0,0,45,0,0,0
1317,-3,0,0,50,0,1,0
1318,-3,0,-3,-3,0,1,0
1319,-3,0,0,35,0,1,0
1320,-3,0,0,30,0,1,0
1321,-3,0,0,35,0,0,0
1322,-3,0,0,40,0,1,0
1323,-3,0,0,35,0,1,0
1324,-3,0,-3,20,0,1,0
1325,-3,0,0,43,0,0,0
1326,-3,0,0,30,0,0,0
1327,-3,0,0,40,0,1,0
1328,-3,0,1,1,0,0,0
1329,-3,0,0,45,0,1,0
1330,-3,0,0,28,0,0,0
1331,-3,0,0,45,0,1,0
1332,-3,0,0,55,0,0,0
1333,-3,0,0,35,0,1,0
1334,-3,0,0,45,0,1,0
1335,-3,0,0,35,0,1,0
1336,-3,0,0,25,0,1,0
1337,-3,0,0,40,0,1,0
1338,-3,0,0,50,0,1,0
1339,-3,0,0,45,0,1,0
1340,-3,0,-3,45,0,1,0
1341,-3,0,0,45,0,1,0
1342,-3,0,0,38,0,0,0
1343,-3,0,-3,40,0,0,0
1344,-3,0,0,40,0,1,0
1345,-3,0,0,52,0,1,0
1346,-3,0,0,30,0,1,0
1347,-3,0,0,40,0,1,0
1348,-3,0,-3,-3,0,1,0
1349,-3,0,0,30,0,1,0
1350,-3,0,0,35,0,0,0
1351,-3,0,-3,55,0,1,0
1352,-3,0,0,30,0,1,0
1353,-3,0,-3,40,0,1,0
1354,-3,0,0,35,0,1,0
1355,-3,0,0,55,0,0,0
1356,-3,0,0,41,0,1,0
1357,-3,0,0,40,0,1,0
1358,-3,0,0,40,0,0,0
1359,-3,0,0,40,0,1,0
1360,-3,0,0,41,0,0,0
1361,-3,0,-3,-3,0,1,0
1362,-3,0,0,50,0,1,0
1363,-3,0,0,35,0,0,0
1364,-3,0,-3,30,0,1,0
1365,-3,0,-3,35,0,0,0
1366,-3,0,1,10,0,1,0
1367,-3,0,0,45,0,1,0
1368,-3,0,0,40,0,1,0
1369,-3,0,0,29,0,1,0
1370,-3,0,0,40,0,1,0
1371,-3,0,0,30,0,1,0
1372,-3,0,0,30,0,1,0
1373,-3,0,0,28,0,1,0
1374,-3,0,0,55,0,1,0
1375,-3,0,0,31,0,1,0
1376,-3,0,0,40,0,1,0
1377,-3,0,-3,50,0,0,0
1378,-3,0,0,45,0,1,0
1379,-3,0,-3,25,0,1,0
1380,-3,0,0,25,0,1,0
1381,-3,0,0,38,0,1,0
1382,-3,0,0,40,0,1,0
1383,-3,0,1,-3,0,0,0
1384,-3,0,0,35,0,0,0
1385,-3,0,0,30,0,1,0
1386,-3,0,0,45,0,1,0
1387,-3,0,0,40,0,1,0
1388,-3,0,0,35,0,1,0
1389,-3,0,0,45,0,1,0
1390,-3,0,0,35,0,1,0
1391,-3,0,1,-3,0,1,0
1392,-3,0,0,30,0,1,0
1393,-3,0,0,35,0,1,0
1394,-3,0,0,45,0,1,0
1395,-3,0,0,40,0,0,0
1396,-3,0,1,20,0,1,0
1397,-3,0,-3,29,0,1,0
1398,-3,0,0,50,0,0,0
1399,-3,0,0,55,0,1,0
1400,-3,0,0,31,0,1,0
1401,-3,0,0,30,0,0,0
1402,-3,0,0,30,0,1,0
1403,-3,0,0,35,0,1,0
1404,-3,0,0,36,0,0,0
1405,-3,0,0,46,0,0,0
1406,-3,0,0,45,0,1,0
1407,-3,0,-3,30,0,1,0
1408,-3,0,1,-3,0,1,0
1409,-3,0,0,36,0,1,0
1410,-3,0,1,20,0,0,0
1411,-3,0,0,30,0,1,0
1412,-3,0,0,55,0,0,0
1413,-3,0,0,30,0,1,0
1414,-3,0,0,35,0,1,0
1415,-3,0,0,45,0,1,0
1416,-3,0,0,25,0,1,0
1417,-3,0,-3,-3,0,0,0
1418,-3,0,0,30,0,1,0
1419,-3,0,0,40,0,1,0
1420,-3,0,0,24,0,1,0
1421,-3,0,-3,40,0,1,0
1422,-3,0,-3,40,0,1,0
1423,-3,0,-3,-3,0,1,0
1424,-3,0,-3,37,0,1,0
1425,-3,0,0,25,0,1,0
1426,-3,0,-3,45,0,1,0
1427,-3,0,0,30,0,1,0
1428,-3,0,0,35,0,1,0
1429,-3,0,0,40,0,1,0
1430,-3,0,0,55,0,1,0
1431,-3,0,0,34,0,1,0
1432,-3,0,0,40,0,0,0
1433,-3,0,1,5,0,0,0
1434,-3,0,0,36,0,0,0
1435,-3,0,0,35,0,0,0
1436,-3,0,0,32,0,1,0
1437,-3,0,-3,30,0,1,0
1438,-3,0,0,45,0,1,0
1439,-3,0,0,40,0,0,0
1440,-3,0,0,50,0,1,0
1441,-3,0,0,45,0,1,0
1442,-3,0,-3,30,0,1,0
1443,-3,0,-3,43,0,1,0
1444,-3,0,-3,25,0,1,0
1445,-3,0,0,44,0,1,0
1446,-3,0,0,42,0,1,0
1447,-3,0,0,25,0,1,0
1448,-3,0,-3,30,0,1,0
1449,-3,0,0,50,0,1,0
1450,-3,0,0,40,0,1,0
1451,-3,0,0,30,0,1,0
1452,-3,0,0,35,0,1,0
1453,-3,0,0,53,0,1,0
1454,-3,0,0,40,0,1,0
1455,-3,0,0,50,0,1,0
1456,-3,0,0,35,0,1,0
1457,-3,0,0,33,0,1,0
1458,-3,0,0,25,0,1,0
1459,-3,0,0,35,0,0,0
1460,-3,0,0,40,0,1,0
1461,-3,0,0,30,0,1,0
1462,-3,0,0,30,0,1,0
1463,-3,0,0,35,0,0,0
1464,-3,0,0,50,0,1,0
1465,-3,0,-3,31,0,1,0
1466,-3,0,-3,40,0,1,0
1467,-3,0,0,45,0,0,0
1468,-3,0,0,54,0,1,0
1469,-3,0,0,35,0,1,0
1470,-3,0,0,30,0,1,0
1471,-3,0,0,50,0,0,0
1472,-3,0,0,35,0,1,0
1473,-3,0,-3,30,0,1,0
1474,-3,0,-3,30,0,0,0
1475,-3,0,-3,40,0,1,0
1476,-3,0,0,50,0,1,0
1477,-3,0,-3,-3,0,0,0
1478,-3,0,-3,-3,0,1,0
1479,-3,0,1,15,0,1,0
1480,-3,0,0,41,0,1,0
1481,-3,0,0,31,0,1,0
1482,-3,0,0,35,0,0,0
1483,-3,0,0,20,0,1,0
1484,-3,0,0,50,0,1,0
1485,-3,0,0,35,0,1,0
1486,-3,0,0,45,0,1,0
1487,-3,0,0,35,0,1,0
1488,-3,0,0,55,0,1,0
1489,-3,0,0,45,0,1,0
1490,-3,0,1,-3,0,1,0
1491,-3,0,0,30,0,1,0
1492,-3,0,0,45,0,1,0
1493,-3,0,0,45,0,1,0
1494,-3,0,1,55,0,1,0
1495,-3,0,0,40,0,0,0
1496,-3,0,1,0,0,1,0
1497,-3,0,-3,45,0,1,0
1498,-3,0,1,21,0,0,0
1499,-3,0,0,30,0,1,0
1500,-3,0,0,50,0,1,0
1501,-3,0,0,30,0,0,0
1502,-3,0,0,25,0,1,0
1503,-3,0,0,50,0,1,0
1504,-3,0,0,35,0,1,0
1505,-3,0,-3,35,0,1,0
1506,-3,0,0,35,0,1,0
1507,-3,0,0,30,0,0,0
1508,-3,0,0,57,0,0,0
1509,-3,0,0,30,0,1,0
1510,-3,0,-3,-3,0,1,0
1511,-3,0,1,45,0,0,0
1512,-3,0,0,40,0,1,0
1513,-3,0,0,20,0,1,0
1514,-3,0,0,40,0,0,0
1515,-3,0,0,40,0,0,0
1516,-3,0,0,40,0,1,0
1517,-3,0,0,30,0,1,0
1518,-3,0,0,42,0,0,0
1519,-3,0,1,-3,0,1,0
1520,-3,0,0,30,0,1,0
1521,-3,0,0,40,0,1,0
1522,-3,0,1,-3,0,1,0
1523,-3,0,0,25,0,0,0
1524,-3,0,0,45,0,1,0
1525,-3,0,1,5,0,1,0
1526,-3,0,0,32,0,0,0
1527,-3,0,-3,30,0,0,0
1528,-3,0,1,25,0,1,0
1529,-3,0,0,40,0,1,0
1530,-3,0,1,10,0,1,0
1531,-3,0,0,40,0,0,0
1532,-3,0,-3,35,0,1,0
1533,-3,0,0,45,0,1,0
1534,-3,0,0,30,0,1,0
1535,-3,0,0,50,0,1,0
1536,-3,0,1,10,0,1,0
1537,-3,0,0,30,0,1,0
1538,-3,0,-3,35,0,1,0
1539,-3,0,0,45,0,1,0
1540,-3,0,0,35,0,1,0
1541,-3,0,0,40,0,1,0
1542,-3,0,0,55,0,1,0
1543,-3,0,0,40,0,1,0
1544,-3,0,0,30,0,0,0
1545,-3,0,0,45,0,0,0
1546,-3,0,-3,-3,0,1,0
1547,-3,0,0,25,0,1,0
1548,-3,0,0,43,0,1,0
1549,-3,0,0,37,0,1,0
1550,-3,0,0,45,0,1,0
1551,-3,0,0,58,0,1,0
1552,-3,0,0,40,0,1,0
1553,-3,0,0,57,0,0,0
1554,-3,0,0,50,0,1,0
1555,-3,0,1,10,0,1,0
1556,-3,0,0,40,0,1,0
1557,-3,0,0,45,0,1,0
1558,-3,0,0,45,0,1,0
1559,-3,0,0,55,0,1,0
1560,-3,0,1,30,0,1,0
1561,-3,0,0,28,0,1,0
1562,-3,0,0,45,0,1,0
1563,-3,0,0,20,0,1,0
1564,-3,0,0,30,0,1,0
1565,-3,0,0,45,0,1,0
1566,-3,0,0,55,0,1,0
1567,-3,0,0,35,0,0,0
1568,-3,0,0,37,0,1,0
1569,-3,0,0,30,0,0,0
1570,-3,0,0,50,0,1,0
1571,-3,0,0,35,0,1,0
1572,-3,0,-3,35,0,1,0
1573,-3,0,0,35,0,1,0
1574,-3,0,0,30,0,1,0
1575,-3,0,0,30,0,1,0
1576,-3,0,-3,45,0,0,0
1577,-3,0,0,45,0,1,0
1578,-3,0,0,35,0,1,0
1579,-3,0,0,35,0,1,0
1580,-3,0,0,40,0,1,0
1581,-3,0,0,45,0,1,0
1582,-3,0,0,40,0,1,0
1583,-3,0,0,35,0,1,0
1584,-3,0,-3,30,0,1,0
1585,-3,0,1,0,0,0,0
1586,-3,0,0,50,0,1,0
1587,-3,0,0,35,0,1,0
1588,-3,0,0,54,0,1,0
1589,-3,0,0,30,0,1,0
1590,-3,0,0,50,0,1,0
1591,-3,0,0,50,0,0,0
1592,-3,0,0,40,0,1,0
1593,-3,0,0,30,0,1,0
1594,-3,0,0,40,0,1,0
1595,-3,0,0,20,0,1,0
1596,-3,0,0,30,0,1,0
1597,-3,0,0,26,0,1,0
1598,-3,0,0,50,0,1,0
1599,-3,0,1,10,0,0,0
1600,-3,0,0,30,0,1,0
1601,-3,0,0,25,0,1,0
1602,-3,0,0,40,0,1,0
1603,-3,0,0,50,0,1,0
1604,-3,0,0,45,0,0,0
1605,-3,0,0,32,0,1,0
1606,-3,0,0,30,0,1,0
1607,-3,0,0,50,0,1,0
1608,-3,0,0,30,0,1,0
1609,-3,0,1,55,0,1,0
1610,-3,0,-3,35,0,1,0
1611,-3,0,-3,35,0,1,0
1612,-3,0,0,30,0,1,0
1613,-3,0,0,30,0,1,0
1614,-3,0,0,35,0,0,0
1615,-3,0,0,20,0,1,0
1616,-3,0,0,30,0,1,0
1617,-3,0,0,30,0,1,0
1618,-3,0,0,37,0,1,0
1619,-3,0,0,35,0,1,0
1620,-3,0,-3,-3,0,1,0
1621,-3,0,0,40,0,1,0
1622,-3,0,-3,40,0,0,0
1623,-3,0,0,45,0,0,0
1624,-3,0,-3,50,0,1,0
1625,-3,0,0,30,0,1,0
1626,-3,0,0,30,0,1,0
1627,-3,0,1,0,0,1,0
1628,-3,0,2,-3,0,1,0
1629,-3,0,0,40,0,1,0
1630,-3,0,0,45,0,1,0
1631,-3,0,0,35,0,1,0
1632,-3,0,0,35,0,1,0
1633,-3,0,0,30,0,1,0
1634,-3,0,0,35,0,1,0
1635,-3,0,0,55,0,1,0
1636,-3,0,1,10,0,0,0
1637,-3,0,-3,31,0,1,0
1638,-3,0,-3,30,0,1,0
1639,-3,0,0,25,0,1,0
1640,-3,0,0,30,0,0,0
1641,-3,0,0,45,0,1,0
1642,-3,0,1,25,0,1,0
1643,-3,0,0,40,0,0,0
1644,-3,0,1,25,0,1,0
1645,-3,0,-3,-3,0,1,0
1646,-3,0,1,0,0,1,0
1647,-3,0,0,35,0,1,0
1648,-3,0,-3,30,0,0,0
1649,-3,0,0,35,0,1,0
1650,-3,0,0,35,0,1,0
1651,-3,0,0,45,0,1,0
1652,-3,0,-3,-3,0,1,0
1653,-3,0,0,30,0,1,0
1654,-3,0,0,35,0,1,0
1655,-3,0,0,30,0,1,0
1656,-3,0,-3,35,0,0,0
1657,-3,0,0,33,0,1,0
1658,-3,0,-3,33,0,1,0
1659,-3,0,-3,30,0,1,0
1660,-3,0,0,45,0,1,0
1661,-3,0,0,25,0,1,0
1662,-3,0,0,40,0,1,0
1663,-3,0,0,30,0,1,0
1664,-3,0,0,25,0,1,0
1665,-3,0,0,30,0,1,0
1666,-3,0,0,45,0,1,0
1667,-3,0,0,27,0,1,0
1668,-3,0,-3,25,0,1,0
1669,-3,0,0,35,0,0,0
1670,-3,0,0,40,0,1,0
1671,-3,0,0,25,0,1,0
1672,-3,0,1,30,0,0,0
1673,-3,0,0,45,0,1,0
1674,-3,0,-3,50,0,1,0
1675,-3,0,0,40,0,1,0
1676,-3,0,0,30,0,0,0
1677,-3,0,1,10,0,0,0
1678,-3,0,0,40,0,1,0
1679,-3,0,0,30,0,1,0
1680,-3,0,-3,20,0,1,0
1681,-3,0,-3,40,0,0,0
1682,-3,0,0,45,0,1,0
1683,-3,0,-3,31,0,1,0
1684,-3,0,5,19,0,0,0
1685,-3,0,0,33,0,1,0
1686,-3,0,0,43,0,1,0
1687,-3,0,0,30,0,0,0
1688,-3,0,-3,35,0,1,0
1689,-3,0,0,30,0,1,0
1690,-3,0,0,40,0,0,0
1691,-3,0,0,40,0,1,0
1692,-3,0,0,35,0,0,0
1693,-3,0,0,30,0,1,0
1694,-3,0,-3,40,0,0,0
1695,-3,0,0,30,0,1,0
1696,-3,0,0,30,0,1,0
1697,-3,0,0,30,0,1,0
1698,-3,0,0,25,0,1,0
1699,-3,0,0,28,0,1,0
1700,-3,0,0,35,0,1,0
1701,-3,0,0,30,0,1,0
1702,-3,0,-3,37,0,1,0
1703,-3,0,0,40,0,1,0
1704,-3,0,-3,35,0,1,0
1705,-3,0,0,45,0,1,0
1706,-3,0,0,30,0,1,0
1707,-3,0,1,35,0,0,0
1708,-3,0,0,35,0,1,0
1709,-3,0,-3,50,0,1,0
1710,-3,0,0,35,0,1,0
1711,-3,0,1,5,0,1,0
1712,-3,0,0,39,0,1,0
1713,-3,0,0,35,0,1,0
1714,-3,0,0,35,0,1,0
1715,-3,0,0,35,0,0,0
1716,-3,0,0,26,0,1,0
1717,-3,0,0,28,0,1,0
1718,-3,0,-3,40,0,0,0
1719,-3,0,1,30,0,0,0
1720,-3,0,0,35,0,0,0
1721,-3,0,0,35,0,1,0
1722,-3,0,0,30,0,1,0
1723,-3,0,0,30,0,1,0
1724,-3,0,0,35,0,1,0
1725,-3,0,0,50,0,0,0
1726,-3,0,0,55,0,0,0
1727,-3,0,-3,31,0,1,0
1728,-3,0,0,30,0,0,0
1729,-3,0,-3,25,0,1,0
1730,-3,0,0,25,0,1,0
1731,-3,0,0,40,0,1,0
1732,-3,0,0,45,0,1,0
1733,-3,0,-3,45,0,0,0
1734,-3,0,0,30,0,1,0
1735,-3,0,0,55,0,1,0
1736,-3,0,0,44,0,1,0
1737,-3,0,0,45,0,1,0
1738,-3,0,0,50,0,1,0
1739,-3,0,-3,30,0,1,0
1740,-3,0,0,35,0,0,0
1741,-3,0,0,45,0,1,0
1742,-3,0,0,35,0,1,0
1743,-3,0,0,30,0,1,0
1744,-3,0,0,35,0,1,0
1745,-3,0,1,17,0,1,0
1746,-3,0,0,35,0,1,0
1747,-3,0,0,25,0,1,0
1748,-3,0,0,32,0,1,0
1749,-3,0,-3,32,0,1,0
1750,-3,0,0,45,0,1,0
1751,-3,0,-3,30,0,1,0
1752,-3,0,0,45,0,1,0
1753,-3,0,0,35,0,0,0
1754,-3,0,-3,32,0,1,0
1755,-3,0,0,45,0,1,0
1756,-3,0,-3,54,0,0,0
1757,-3,0,0,40,0,1,0
1758,-3,0,0,30,0,1,0
1759,-3,0,1,5,0,1,0
1760,-3,0,0,29,0,1,0
1761,-3,0,-3,50,0,0,0
1762,-3,0,0,55,0,1,0
1763,-3,0,-3,36,0,0,0
1764,-3,0,0,35,0,1,0
1765,-3,0,0,40,0,1,0
1766,-3,0,0,30,0,1,0
1767,-3,0,0,25,0,0,0
1768,-3,0,0,35,0,1,0
1769,-3,0,0,30,0,1,0
1770,-3,0,0,40,0,1,0
1771,-3,0,0,50,0,0,0
1772,-3,0,-3,30,0,1,0
1773,-3,0,0,30,0,1,0
1774,-3,0,0,45,0,1,0
1775,-3,0,0,27,0,1,0
1776,-3,0,0,25,0,0,0
1777,-3,0,1,0,0,1,0
1778,-3,0,0,30,0,1,0
1779,-3,0,0,35,0,1,0
1780,-3,0,-3,25,0,1,0
1781,-3,0,0,25,0,0,0
1782,-3,0,0,42,0,0,0
1783,-3,0,0,35,0,1,0
1784,-3,0,0,50,0,0,0
1785,-3,0,0,50,0,0,0
1786,-3,0,0,30,0,1,0
1787,-3,0,0,45,0,0,0
1788,-3,0,0,30,0,1,0
1789,-3,0,-3,55,0,1,0
1790,-3,0,0,50,0,1,0
1791,-3,0,0,40,0,1,0
1792,-3,0,0,40,0,1,0
1793,-3,0,0,40,0,1,0
1794,-3,0,1,0,0,1,0
1795,-3,0,-3,30,0,1,0
1796,-3,0,1,-3,0,1,0
1797,-3,0,0,45,0,1,0
1798,-3,0,1,15,0,1,0
1799,-3,0,0,50,0,1,0
1800,-3,0,0,55,0,1,0
1801,-3,0,-3,55,0,1,0
1802,-3,0,0,30,0,1,0
1803,-3,0,0,35,0,1,0
1804,-3,0,0,25,0,1,0
1805,-3,0,0,25,0,1,0
1806,-3,0,1,0,0,0,0
1807,-3,0,0,45,0,1,0
1808,-3,0,0,45,0,1,0
1809,-3,0,0,35,0,1,0
1810,-3,0,0,35,0,0,0
1811,-3,0,0,30,0,0,0
1812,-3,0,1,5,0,1,0
1813,-3,0,1,15,0,1,0
1814,-3,0,-3,35,0,0,0
1815,-3,0,0,40,0,0,0
1816,-3,0,0,40,0,1,0
1817,-3,0,0,35,0,1,0
1818,-3,0,0,30,0,1,0
1819,-3,0,0,30,0,1,0
1820,-3,0,0,30,0,1,0
1821,-3,0,3,15,0,1,0
1822,-3,0,0,35,0,1,0
1823,-3,0,1,0,0,1,0
1824,-3,0,0,39,0,1,0
1825,-3,0,1,0,0,0,0
1826,-3,0,1,0,0,0,0
1827,-3,0,0,25,0,1,0
1828,-3,0,0,30,0,1,0
1829,-3,0,0,45,0,1,0
1830,-3,0,0,40,0,0,0
1831,-3,0,-3,33,0,1,0
1832,-3,0,0,30,0,1,0
1833,-3,0,1,0,0,1,0
1834,-3,0,0,50,0,1,0
1835,-3,0,1,0,0,1,0
1836,-3,0,0,45,0,0,0
1837,-3,0,-3,35,0,1,0
1838,-3,0,-3,35,0,1,0
1839,-3,0,0,30,0,1,0
1840,-3,0,0,40,0,1,0
1841,-3,0,0,25,0,0,0
1842,-3,0,0,51,0,0,0
1843,-3,0,1,5,0,1,0
1844,-3,0,-3,30,0,1,0
1845,-3,0,0,25,0,0,0
1846,-3,0,0,30,0,1,0
1847,-3,0,0,55,0,1,0
1848,-3,0,0,40,0,1,0
1849,-3,0,0,51,0,1,0
1850,-3,0,0,31,0,1,0
1851,-3,0,1,0,0,1,0
1852,-3,0,1,5,0,1,0
1853,-3,0,0,40,0,0,0
1854,-3,0,-3,30,0,1,0
1855,-3,0,0,45,0,1,0
1856,-3,0,0,50,0,1,0
1857,-3,0,0,50,0,1,0
1858,-3,0,0,37,0,1,0
1859,-3,0,0,45,0,1,0
1860,-3,0,0,45,0,1,0
1861,-3,0,1,10,0,1,0
1862,-3,0,0,30,0,1,0
1863,-3,0,1,25,0,1,0
1864,-3,0,0,39,0,1,0
1865,-3,0,0,30,0,1,0
1866,-3,0,-3,34,0,0,0
1867,-3,0,0,40,0,1,0
1868,-3,0,0,25,0,1,0
1869,-3,0,0,55,0,1,0
1870,-3,0,0,25,0,1,0
1871,-3,0,0,45,0,1,0
1872,-3,0,-3,40,0,1,0
1873,-3,0,-3,45,0,1,0
1874,-3,0,0,40,0,1,0
1875,-3,0,0,35,0,0,0
1876,-3,0,0,45,0,0,0
1877,-3,0,0,40,0,1,0
1878,-3,0,0,40,0,0,0
1879,-3,0,2,0,0,0,0
1880,-3,0,0,40,0,0,0
1881,-3,0,0,30,0,1,0
1882,-3,0,-3,-3,0,1,0
1883,-3,0,1,-3,0,1,0
1884,-3,0,0,40,0,1,0
1885,-3,0,0,50,0,1,0
1886,-3,0,-3,30,0,0,0
1887,-3,0,0,35,0,1,0
1888,-3,0,-3,-3,0,1,0
1889,-3,0,-3,35,0,1,0
1890,-3,0,0,35,0,1,0
1891,-3,0,-3,37,0,0,0
1892,-3,0,0,50,0,0,0
1893,-3,0,0,40,0,1,0
1894,-3,0,0,40,0,0,0
1895,-3,0,-3,45,0,1,0
1896,-3,0,1,30,0,1,0
1897,-3,0,-3,-3,0,1,0
1898,-3,0,0,30,0,0,0
1899,-3,0,0,40,0,1,0
1900,-3,0,-3,40,0,1,0
1901,-3,0,0,40,0,1,0
1902,-3,0,0,45,0,0,0
1903,-3,0,-3,40,0,1,0
1904,-3,0,1,0,0,0,0
1905,-3,0,0,50,0,0,0
1906,-3,0,-3,30,0,1,0
1907,-3,0,0,45,0,1,0
1908,-3,0,0,25,0,1,0
1909,-3,0,0,25,0,1,0
1910,-3,0,0,32,0,1,0
1911,-3,0,0,30,0,0,0
1912,-3,0,0,45,0,1,0
1913,-3,0,0,40,0,1,0
1914,-3,0,-3,50,0,0,0
1915,-3,0,0,35,0,1,0
1916,-3,0,0,35,0,1,0
1917,-3,0,0,50,0,1,0
1918,-3,0,0,40,0,1,0
1919,-3,0,-3,32,0,1,0
1920,-3,0,0,40,0,1,0
1921,-3,0,1,35,0,0,0
1922,-3,0,0,55,0,1,0
1923,-3,0,0,35,0,1,0
1924,-3,0,1,0,0,1,0
1925,-3,0,1,0,0,1,0
1926,-3,0,0,43,0,1,0
1927,-3,0,-3,-3,0,1,0
1928,-3,0,0,40,0,1,0
1929,-3,0,0,30,0,1,0
1930,-3,0,-3,40,0,1,0
1931,-3,0,-3,29,0,1,0
1932,-3,0,-3,40,0,1,0
1933,-3,0,0,40,0,1,0
1934,-3,0,0,35,0,1,0
1935,-3,0,-3,43,0,1,0
1936,-3,0,0,30,0,1,0
1937,-3,0,0,25,0,1,0
1938,-3,0,0,45,0,1,0
1939,-3,0,0,30,0,1,0
1940,-3,0,0,30,0,1,0
1941,-3,0,1,0,0,0,0
1942,-3,0,0,40,0,0,0
1943,-3,0,0,25,0,0,0
1944,-3,0,0,30,0,1,0
1945,-3,0,0,30,0,1,0
1946,-3,0,0,45,0,1,0
1947,-3,0,3,15,0,1,0
1948,-3,0,0,45,0,0,0
1949,-3,0,-3,30,0,1,0
1950,-3,0,0,25,0,1,0
1951,-3,0,0,40,0,1,0
1952,-3,0,-3,35,0,1,0
1953,-3,0,0,40,0,1,0
1954,-3,0,0,45,0,1,0
1955,-3,0,0,40,0,1,0
1956,-3,0,0,35,0,0,0
1957,-3,0,0,30,0,1,0
1958,-3,0,0,40,0,1,0
1959,-3,0,0,25,0,1,0
1960,-3,0,0,40,0,1,0
1961,-3,0,-3,55,0,1,0
1962,-3,0,-3,-3,0,1,0
1963,-3,0,0,35,0,0,0
1964,-3,0,0,35,0,1,0
1965,-3,0,0,40,0,1,0
1966,-3,0,0,50,0,1,0
1967,-3,0,0,45,0,1,0
1968,-3,0,0,45,0,1,0
1969,-3,0,0,35,0,1,0
1970,-3,0,0,35,0,1,0
1971,-3,0,0,45,0,1,0
1972,-3,0,0,48,0,0,0
1973,-3,0,0,35,0,0,0
1974,-3,0,1,25,0,1,0
1975,-3,0,0,35,0,0,0
1976,-3,0,0,30,0,1,0
1977,-3,0,0,35,0,1,0
1978,-3,0,0,28,0,1,0
1979,-3,0,0,32,0,1,0
1980,-3,0,0,30,0,0,0
1981,-3,0,0,40,0,1,0
1982,-3,0,-3,31,0,1,0
1983,-3,0,1,5,0,0,0
1984,-3,0,-3,35,0,1,0
1985,-3,0,0,40,0,1,0
1986,-3,0,0,50,0,0,0
1987,-3,0,0,30,0,0,0
1988,-3,0,0,43,0,1,0
1989,-3,0,-3,45,0,0,0
1990,-3,0,0,29,0,1,0
1991,-3,0,0,30,0,1,0
1992,-3,0,0,25,0,1,0
1993,-3,0,0,25,0,1,0
1994,-3,0,0,35,0,1,0
1995,-3,0,0,40,0,1,0
1996,-3,0,-3,-3,0,0,0
1997,-3,0,0,55,0,1,0
1998,-3,0,0,40,0,1,0
1999,-3,0,-3,40,0,0,0
2000,-3,0,-3,48,0,1,0
2001,-3,0,1,0,0,1,0
2002,-3,0,0,35,0,0,0
2003,-3,0,0,40,0,1,0
2004,-3,0,1,0,0,1,0
2005,-3,0,0,40,0,1,0
2006,-3,0,0,35,0,1,0
2007,-3,0,0,31,0,0,0
2008,-3,0,0,50,0,1,0
2009,-3,0,0,30,0,0,0
2010,-3,0,1,10,0,1,0
2011,-3,0,0,30,0,1,0
2012,-3,0,0,40,0,1,0
2013,-3,0,0,50,0,1,0
2014,-3,0,0,35,0,0,0
2015,-3,0,-3,33,0,1,0
2016,-3,0,0,40,0,0,0
2017,-3,0,0,22,0,1,0
2018,-3,0,0,35,0,0,0
2019,-3,0,0,28,0,1,0
2020,-3,0,0,29,0,1,0
2021,-3,0,0,35,0,1,0
2022,-3,0,0,30,0,1,0
2023,-3,0,1,5,0,0,0
2024,-3,0,1,0,0,0,0
2025,-3,0,0,30,0,1,0
2026,-3,0,0,45,0,1,0
2027,-3,0,-3,30,0,1,0
2028,-3,0,0,40,0,1,0
2029,-3,0,-3,30,0,1,0
2030,-3,0,0,45,0,1,0
2031,-3,0,1,55,0,0,0
2032,-3,0,1,0,0,1,0
2033,-3,0,1,0,0,1,0
2034,-3,0,0,50,0,0,0
2035,-3,0,0,45,0,1,0
2036,-3,0,0,45,0,1,0
2037,-3,0,-3,45,0,1,0
2038,-3,0,-3,30,0,1,0
2039,-3,0,1,-3,0,1,0
2040,-3,0,0,35,0,1,0
2041,-3,0,0,35,0,1,0
2042,-3,0,0,50,0,0,0
2043,-3,0,0,38,0,0,0
2044,-3,0,0,40,0,1,0
2045,-3,0,0,20,0,0,0
2046,-3,0,0,40,0,1,0
2047,-3,0,0,40,0,1,0
2048,-3,0,1,5,0,0,0
2049,-3,0,1,10,0,0,0
2050,-3,0,1,5,0,1,0
2051,-3,0,0,40,0,1,0
2052,-3,0,0,38,0,0,0
2053,-3,0,0,25,0,1,0
2054,-3,0,0,45,0,1,0
2055,-3,0,0,34,0,1,0
2056,-3,0,0,20,0,1,0
2057,-3,0,-3,41,0,1,0
2058,-3,0,0,30,0,1,0
2059,-3,0,0,30,0,1,0
2060,-3,0,0,55,0,1,0
2061,-3,0,-3,40,0,0,0
2062,-3,0,1,10,0,1,0
2063,-3,0,0,40,0,1,0
2064,-3,0,0,30,0,1,0
2065,-3,0,0,40,0,0,0
2066,-3,0,0,45,0,1,0
2067,-3,0,0,40,0,1,0
2068,-3,0,0,35,0,1,0
2069,-3,0,0,29,0,0,0
2070,-3,0,0,30,0,1,0
2071,-3,0,0,40,0,1,0
2072,-3,0,0,35,0,1,0
2073,-3,0,-3,30,0,0,0
2074,-3,0,0,35,0,1,0
2075,-3,0,0,40,0,1,0
2076,-3,0,0,40,0,0,0
2077,-3,0,0,45,0,1,0
2078,-3,0,0,40,0,0,0
2079,-3,0,0,32,0,1,0
2080,-3,0,-3,40,0,1,0
2081,-3,0,0,35,0,0,0
2082,-3,0,0,50,0,0,0
2083,-3,0,0,45,0,0,0
2084,-3,0,0,48,0,1,0
2085,-3,0,0,50,0,1,0
2086,-3,0,0,37,0,1,0
2087,-3,0,0,35,0,1,0
2088,-3,0,-3,-3,0,1,0
2089,-3,0,0,34,0,1,0
2090,-3,0,0,30,0,1,0
2091,-3,0,0,50,0,1,0
2092,-3,0,-3,45,0,1,0
2093,-3,0,4,4,0,1,0
2094,-3,0,0,30,0,0,0
2095,-3,0,-3,32,0,1,0
2096,-3,0,1,45,0,1,0
2097,-3,0,0,40,0,1,0
2098,-3,0,0,30,0,1,0
2099,-3,0,0,30,0,1,0
2100,-3,0,0,55,0,0,0
2101,-3,0,0,40,0,1,0
2102,-3,0,0,40,0,1,0
2103,-3,0,0,35,0,1,0
2104,-3,0,0,50,0,0,0
2105,-3,0,0,40,0,0,0
2106,-3,0,0,38,0,0,0
2107,-3,0,0,40,0,0,0
2108,-3,0,0,55,0,1,0
2109,-3,0,-3,30,0,1,0
2110,-3,0,0,35,0,0,0
2111,-3,0,2,30,0,1,0
2112,-3,0,-3,38,0,0,0
2113,-3,0,0,35,0,0,0
2114,-3,0,0,35,0,1,0
2115,-3,0,-3,40,0,1,0
2116,-3,0,0,35,0,1,0
2117,-3,0,0,42,0,1,0
2118,-3,0,0,30,0,0,0
2119,-3,0,-3,30,0,0,0
2120,-3,0,0,29,0,1,0
2121,-3,0,-3,32,0,1,0
2122,-3,0,0,40,0,1,0
2123,-3,0,0,55,0,1,0
2124,-3,0,0,25,0,1,0
2125,-3,0,0,45,0,1,0
2126,-3,0,0,35,0,1,0
2127,-3,0,0,50,0,0,0
2128,-3,0,0,45,0,0,0
2129,-3,0,0,30,0,1,0
2130,-3,0,0,45,0,1,0
2131,-3,0,-3,40,0,0,0
2132,-3,0,0,35,0,1,0
2133,-3,0,0,30,0,1,0
2134,-3,0,0,45,0,0,0
2135,-3,0,0,40,0,0,0
2136,-3,0,0,25,0,1,0
2137,-3,0,0,40,0,1,0
2138,-3,0,0,45,0,1,0
2139,-3,0,-3,35,0,0,0
2140,-3,0,0,25,0,1,0
2141,-3,0,0,40,0,0,0
2142,-3,0,0,45,0,1,0
2143,-3,0,0,30,0,1,0
2144,-3,0,0,50,0,1,0
2145,-3,0,-3,30,0,1,0
2146,-3,0,0,30,0,1,0
2147,-3,0,0,40,0,0,0
2148,-3,0,0,50,0,0,0
2149,-3,0,-3,32,0,1,0
2150,-3,0,0,55,0,1,0
2151,-3,0,0,40,0,0,0
2152,-3,0,0,45,0,0,0
2153,-3,0,1,5,0,1,0
2154,-3,0,0,50,0,1,0
2155,-3,0,0,50,0,1,0
2156,-3,0,0,30,0,1,0
2157,-3,0,0,40,0,1,0
2158,-3,0,0,50,0,1,0
2159,-3,0,-3,45,0,0,0
2160,-3,0,0,40,0,1,0
2161,-3,0,0,45,0,0,0
2162,-3,0,0,40,0,1,0
2163,-3,0,0,45,0,1,0
2164,-3,0,0,40,0,1,0
2165,-3,0,0,35,0,1,0
2166,-3,0,0,50,0,1,0
2167,-3,0,0,40,0,1,0
2168,-3,0,0,35,0,1,0
2169,-3,0,0,28,0,1,0
2170,-3,0,0,40,0,1,0
2171,-3,0,0,30,0,0,0
2172,-3,0,0,25,0,1,0
2173,-3,0,0,35,0,0,0
2174,-3,0,0,50,0,1,0
2175,-3,0,-3,43,0,1,0
2176,-3,0,0,50,0,1,0
2177,-3,0,0,25,0,0,0
2178,-3,0,0,40,0,1,0
2179,-3,0,-3,36,0,1,0
2180,-3,0,0,35,0,1,0
2181,-3,0,0,35,0,1,0
2182,-3,0,0,32,0,1,0
2183,-3,0,0,30,0,1,0
2184,-3,0,0,38,0,1,0
2185,-3,0,0,45,0,0,0
2186,-3,0,-3,-3,0,1,0
2187,-3,0,0,45,0,1,0
2188,-3,0,0,45,0,1,0
2189,-3,0,0,45,0,1,0
2190,-3,0,-3,-3,0,1,0
2191,-3,0,-3,39,0,1,0
2192,-3,0,0,40,0,1,0
2193,-3,0,0,30,0,1,0
2194,-3,0,0,40,0,1,0
2195,-3,0,0,25,0,1,0
2196,-3,0,-3,33,0,1,0
2197,-3,0,0,40,0,1,0
2198,-3,0,0,40,0,0,0
2199,-3,0,0,50,0,1,0
2200,-3,0,0,30,0,1,0
2201,-3,0,0,35,0,1,0
2202,-3,0,0,35,0,1,0
2203,-3,0,0,35,0,1,0
2204,-3,0,0,32,0,1,0
2205,-3,0,0,30,0,1,0
2206,-3,0,-3,30,0,1,0
2207,-3,0,-3,55,0,0,0
2208,-3,0,0,30,0,0,0
2209,-3,0,0,35,0,1,0
2210,-3,0,1,15,0,1,0
2211,-3,0,-3,40,0,1,0
2212,-3,0,0,40,0,1,0
2213,-3,0,0,50,0,1,0
2214,-3,0,0,35,0,1,0
2215,-3,0,0,37,0,1,0
2216,-3,0,0,25,0,0,0
2217,-3,0,0,25,0,1,0
2218,-3,0,1,0,0,1,0
2219,-3,0,0,50,0,1,0
2220,-3,0,0,37,0,0,0
2221,-3,0,0,35,0,1,0
2222,-3,0,0,30,0,1,0
2223,-3,0,0,35,0,1,0
2224,-3,0,0,43,0,1,0
2225,-3,0,1,10,0,1,0
2226,-3,0,-3,30,0,1,0
2227,-3,0,0,40,0,1,0
2228,-3,0,0,34,0,1,0
2229,-3,0,-3,30,0,1,0
2230,-3,0,0,25,0,1,0
2231,-3,0,0,30,0,1,0
2232,-3,0,0,30,0,1,0
2233,-3,0,0,40,0,1,0
2234,-3,0,1,0,0,1,0
2235,-3,0,0,34,0,0,0
2236,-3,0,0,27,0,1,0
2237,-3,0,1,2,0,0,0
2238,-3,0,1,-3,0,1,0
2239,-3,0,0,40,0,1,0
2240,-3,0,0,50,0,1,0
2241,-3,0,0,47,0,0,0
2242,-3,0,0,50,0,1,0
2243,-3,0,0,38,0,1,0
2244,-3,0,0,30,0,1,0
2245,-3,0,0,45,0,1,0
2246,-3,0,0,50,0,1,0
2247,-3,0,0,40,0,1,0
2248,-3,0,0,40,0,1,0
2249,-3,0,0,40,0,1,0
2250,-3,0,0,40,0,1,0
2251,-3,0,0,37,0,1,0
2252,-3,0,-3,30,0,1,0
2253,-3,0,0,35,0,0,0
2254,-3,0,0,45,0,1,0
2255,-3,0,-3,-3,0,1,0
2256,-3,0,0,30,0,1,0
2257,-3,0,0,35,0,0,0
2258,-3,0,0,45,0,1,0
2259,-3,0,-3,55,0,0,0
2260,-3,0,0,30,0,1,0
2261,-3,0,-3,35,0,0,0
2262,-3,0,0,40,0,1,0
2263,-3,0,0,55,0,1,0
2264,-3,0,1,15,0,1,0
2265,-3,0,0,45,0,1,0
2266,-3,0,0,30,0,1,0
2267,-3,0,1,0,0,1,0
2268,-3,0,0,40,0,1,0
2269,-3,0,0,48,0,1,0
2270,-3,0,0,44,0,1,0
2271,-3,0,0,30,0,1,0
2272,-3,0,0,40,0,0,0
2273,-3,0,1,15,0,0,0
2274,-3,0,0,35,0,1,0
2275,-3,0,0,40,0,1,0
2276,-3,0,0,30,0,1,0
2277,-3,0,1,3,0,1,0
2278,-3,0,0,45,0,0,0
2279,-3,0,0,30,0,1,0
2280,-3,0,0,35,0,1,0
2281,-3,0,1,23,0,0,0
2282,-3,0,0,43,0,0,0
2283,-3,0,-3,30,0,1,0
2284,-3,0,0,40,0,1,0
2285,-3,0,0,40,0,1,0
2286,-3,0,0,30,0,0,0
2287,-3,0,0,50,0,1,0
2288,-3,0,0,35,0,0,0
2289,-3,0,0,40,0,0,0
2290,-3,0,0,30,0,1,0
2291,-3,0,0,25,0,1,0
2292,-3,0,0,30,0,0,0
2293,-3,0,0,36,0,1,0
2294,-3,0,0,40,0,1,0
2295,-3,0,0,50,0,0,0
2296,-3,0,0,30,0,1,0
2297,-3,0,-3,35,0,0,0
2298,-3,0,0,45,0,1,0
2299,-3,0,0,35,0,1,0
2300,-3,0,-3,45,0,1,0
2301,-3,0,0,40,0,1,0
2302,-3,0,0,43,0,0,0
2303,-3,0,0,30,0,1,0
2304,-3,0,0,41,0,1,0
2305,-3,0,0,35,0,1,0
2306,-3,0,0,30,0,1,0
2307,-3,0,0,25,0,0,0
2308,-3,0,1,-3,0,1,0
2309,-3,0,0,35,0,1,0
2310,-3,0,0,45,0,0,0
2311,-3,0,0,35,0,1,0
2312,-3,0,0,40,0,1,0
2313,-3,0,0,40,0,1,0
2314,-3,0,0,35,0,1,0
2315,-3,0,0,57,0,1,0
2316,-3,0,0,45,0,1,0
2317,-3,0,0,45,0,1,0
2318,-3,0,0,35,0,1,0
2319,-3,0,-3,30,0,1,0
2320,-3,0,0,40,0,1,0
2321,-3,0,0,30,0,0,0
2322,-3,0,-3,36,0,0,0
2323,-3,0,1,10,0,0,0
2324,-3,0,-3,50,0,1,0
2325,-3,0,0,35,0,1,0
2326,-3,0,-3,37,0,1,0
2327,-3,0,0,40,0,1,0
2328,-3,0,0,40,0,0,0
2329,-3,0,1,-3,0,1,0
2330,-3,0,0,34,0,1,0
2331,-3,0,-3,45,0,1,0
2332,-3,0,0,45,0,1,0
2333,-3,0,0,53,0,1,0
2334,-3,0,0,45,0,1,0
2335,-3,0,0,40,0,1,0
2336,-3,0,0,45,0,1,0
2337,-3,0,0,50,0,1,0
2338,-3,0,0,40,0,0,0
2339,-3,0,1,1,0,1,0
2340,-3,0,-3,-3,0,1,0
2341,-3,0,0,45,0,1,0
2342,-3,0,-3,40,0,1,0
2343,-3,0,0,40,0,1,0
2344,-3,0,0,30,0,0,0
2345,-3,0,0,35,0,1,0
2346,-3,0,0,30,0,1,0
2347,-3,0,0,44,0,1,0
2348,-3,0,0,41,0,0,0
2349,-3,0,0,45,0,1,0
2350,-3,0,0,45,0,1,0
2351,-3,0,0,45,0,1,0
2352,-3,0,-3,47,0,1,0
2353,-3,0,0,56,0,1,0
2354,-3,0,0,35,0,1,0
2355,-3,0,0,50,0,0,0
2356,-3,0,0,45,0,1,0
2357,-3,0,0,45,0,1,0
2358,-3,0,-3,45,0,1,0
2359,-3,0,0,35,0,0,0
2360,-3,0,0,30,0,1,0
2361,-3,0,0,45,0,1,0
2362,-3,0,0,43,0,1,0
2363,-3,0,-3,35,0,1,0
2364,-3,0,0,55,0,1,0
2365,-3,0,0,50,0,1,0
2366,-3,0,1,-3,0,1,0
2367,-3,0,0,55,0,1,0
2368,-3,0,0,48,0,0,0
2369,-3,0,-3,20,0,1,0
2370,-3,0,0,40,0,0,0
2371,-3,0,-3,35,0,0,0
2372,-3,0,0,30,0,0,0
2373,-3,0,-3,38,0,1,0
2374,-3,0,0,45,0,1,0
2375,-3,0,0,35,0,1,0
2376,-3,0,0,37,0,1,0
2377,-3,0,0,45,0,1,0
2378,-3,0,0,32,0,1,0
2379,-3,0,1,0,0,1,0
2380,-3,0,-3,55,0,1,0
2381,-3,0,0,25,0,1,0
2382,-3,0,0,40,0,1,0
2383,-3,0,0,25,0,0,0
2384,-3,0,0,45,0,1,0
2385,-3,0,0,35,0,1,0
2386,-3,0,0,30,0,1,0
2387,-3,0,0,50,0,1,0
2388,-3,0,0,40,0,1,0
2389,-3,0,0,35,0,1,0
2390,-3,0,0,25,0,1,0
2391,-3,0,0,30,0,1,0
2392,-3,0,0,35,0,1,0
2393,-3,0,-3,40,0,1,0
2394,-3,0,0,50,0,1,0
2395,-3,0,0,30,0,1,0
2396,-3,0,0,30,0,1,0
2397,-3,0,-3,40,0,1,0
2398,-3,0,0,30,0,1,0
2399,-3,0,-3,55,0,1,0
2400,-3,0,0,30,0,1,0
2401,-3,0,0,50,0,1,0
2402,-3,0,0,45,0,1,0
2403,-3,0,0,30,0,0,0
2404,-3,0,-3,20,0,1,0
2405,-3,0,0,30,0,1,0
2406,-3,0,-3,-3,0,1,0
2407,-3,0,-3,29,0,1,0
2408,-3,0,0,50,0,1,0
2409,-3,0,-3,55,0,1,0
2410,-3,0,-3,29,0,0,0
2411,-3,0,0,35,0,1,0
2412,-3,0,-3,30,0,1,0
2413,-3,0,1,10,0,0,0
2414,-3,0,0,40,0,0,0
2415,-3,0,0,45,0,1,0
2416,-3,0,0,35,0,0,0
2417,-3,0,0,35,0,0,0
2418,-3,0,1,5,0,0,0
2419,-3,0,0,32,0,1,0
2420,-3,0,0,30,0,1,0
2421,-3,0,1,20,0,1,0
2422,-3,0,0,30,0,1,0
2423,-3,0,0,40,0,1,0
2424,-3,0,0,55,0,1,0
2425,-3,0,0,40,0,1,0
2426,-3,0,0,30,0,0,0
2427,-3,0,1,-3,0,1,0
2428,-3,0,0,50,0,1,0
2429,-3,0,0,37,0,1,0
2430,-3,0,0,40,0,1,0
2431,-3,0,1,-3,0,1,0
2432,-3,0,0,35,0,0,0
2433,-3,0,0,45,0,1,0
2434,-3,0,0,55,0,1,0
2435,-3,0,0,25,0,1,0
2436,-3,0,0,30,0,1,0
2437,-3,0,0,35,0,1,0
2438,-3,0,0,25,0,0,0
2439,-3,0,0,25,0,0,0
2440,-3,0,1,0,0,1,0
2441,-3,0,0,30,0,1,0
2442,-3,0,1,30,0,1,0
2443,-3,0,0,40,0,1,0
2444,-3,0,0,30,0,0,0
2445,-3,0,0,50,0,1,0
2446,-3,0,0,40,0,1,0
2447,-3,0,0,38,0,0,0
2448,-3,0,-3,55,0,1,0
2449,-3,0,0,40,0,1,0
2450,-3,0,1,0,0,1,0
2451,-3,0,1,-3,0,0,0
2452,-3,0,0,45,0,1,0
2453,-3,0,0,30,0,0,0
2454,-3,0,0,30,0,1,0
2455,-3,0,0,35,0,1,0
2456,-3,0,1,0,0,1,0
2457,-3,0,0,34,0,1,0
2458,-3,0,-3,40,0,1,0
2459,-3,0,0,35,0,1,0
2460,-3,0,-3,40,0,1,0
2461,-3,0,1,40,0,1,0
2462,-3,0,-3,39,0,1,0
2463,-3,0,0,35,0,1,0
2464,-3,0,0,45,0,1,0
2465,-3,0,-3,40,0,1,0
2466,-3,0,-2,-2,0,1,0
2467,-3,0,0,40,0,1,0
2468,-3,0,0,30,0,0,0
2469,-3,0,0,44,0,1,0
2470,-3,0,0,35,0,1,0
2471,-3,0,0,40,0,1,0
2472,-3,0,0,39,0,1,0
2473,-3,0,0,55,0,1,0
2474,-3,0,0,40,0,1,0
2475,-3,0,1,5,0,0,0
2476,-3,0,0,30,0,1,0
2477,-3,0,0,40,0,1,0
2478,-3,0,-3,40,0,1,0
2479,-3,0,0,51,0,1,0
2480,-3,0,1,30,0,0,0
2481,-3,0,-3,30,0,1,0
2482,-3,0,0,30,0,0,0
2483,-3,0,0,40,0,0,0
2484,-3,0,0,45,0,1,0
2485,-3,0,0,48,0,1,0
2486,-3,0,0,30,0,1,0
2487,-3,0,1,10,0,1,0
2488,-3,0,0,35,0,1,0
2489,-3,0,0,35,0,1,0
2490,-3,0,0,35,0,1,0
2491,-3,0,0,38,0,1,0
2492,-3,0,0,25,0,1,0
2493,-3,0,0,30,0,1,0
2494,-3,0,0,30,0,1,0
2495,-3,0,0,55,0,0,0
2496,-3,0,-3,31,0,1,0
2497,-3,0,1,0,0,0,0
2498,-3,0,-3,47,0,1,0
2499,-3,0,0,45,0,1,0
2500,-3,0,0,40,0,1,0
2501,-3,0,1,-3,0,0,0
2502,-3,0,0,30,0,0,0
2503,-3,0,0,35,0,1,0
2504,-3,0,0,35,0,1,0
2505,-3,0,1,0,0,0,0
2506,-3,0,1,3,0,1,0
2507,-3,0,-3,40,0,1,0
2508,-3,0,0,35,0,1,0
2509,-3,0,1,10,0,0,0
2510,-3,0,1,5,0,1,0
2511,-3,0,0,30,0,0,0
2512,-3,0,0,35,0,1,0
2513,-3,0,0,40,0,1,0
2514,-3,0,0,40,0,1,0
2515,-3,0,1,47,0,1,0
2516,-3,0,0,45,0,1,0
2517,-3,0,0,40,0,1,0
2518,-3,0,0,45,0,1,0
2519,-3,0,0,50,0,0,0
2520,-3,0,0,40,0,1,0
2521,-3,0,0,40,0,1,0
2522,-3,0,0,30,0,1,0
2523,-3,0,0,45,0,1,0
2524,-3,0,0,40,0,1,0
2525,-3,0,0,40,0,1,0
2526,-3,0,0,25,0,1,0
2527,-3,0,0,20,0,1,0
2528,-3,0,1,10,0,1,0
2529,-3,0,0,35,0,1,0
2530,-3,0,1,-3,0,1,0
2531,-3,0,0,25,0,1,0
2532,-3,0,0,35,0,0,0
2533,-3,0,0,30,0,0,0
2534,-3,0,1,5,0,0,0
2535,-3,0,-3,28,0,1,0
2536,-3,0,0,35,0,1,0
2537,-3,0,-3,35,0,1,0
2538,-3,0,0,45,0,1,0
2539,-3,0,0,38,0,0,0
2540,-3,0,0,53,0,1,0
2541,-3,0,0,35,0,1,0
2542,-3,0,0,40,0,1,0
2543,-3,0,0,45,0,1,0
2544,-3,0,1,-3,0,1,0
2545,-3,0,0,35,0,1,0
2546,-3,0,-3,-3,0,1,0
2547,-3,0,0,45,0,1,0
2548,-3,0,0,31,0,1,0
2549,-3,0,1,2,0,1,0
2550,-3,0,0,45,0,1,0
2551,-3,0,0,31,0,1,0
2552,-3,0,0,30,0,1,0
2553,-3,0,0,40,0,0,0
2554,-3,0,0,30,0,1,0
2555,-3,0,0,35,0,1,0
2556,-3,0,-3,35,0,1,0
2557,-3,0,0,30,0,1,0
2558,-3,0,0,27,0,1,0
2559,-3,0,0,35,0,0,0
2560,-3,0,0,30,0,1,0
2561,-3,0,0,35,0,1,0
2562,-3,0,0,40,0,1,0
2563,-3,0,0,35,0,1,0
2564,-3,0,0,37,0,1,0
2565,-3,0,0,40,0,1,0
2566,-3,0,-3,45,0,0,0
2567,-3,0,-3,55,0,1,0
2568,-3,0,0,39,0,1,0
2569,-3,0,0,35,0,1,0
2570,-3,0,-3,-3,0,1,0
2571,-3,0,-3,35,0,1,0
2572,-3,0,-3,27,0,1,0
2573,-3,0,0,45,0,1,0
2574,-3,0,0,45,0,1,0
2575,-3,0,0,45,0,0,0
2576,-3,0,0,30,0,1,0
2577,-3,0,0,50,0,1,0
2578,-3,0,0,30,0,1,0
2579,-3,0,0,44,0,1,0
2580,-3,0,0,30,0,1,0
2581,-3,0,0,40,0,1,0
2582,-3,0,0,48,0,0,0
2583,-3,0,0,40,0,1,0
2584,-3,0,0,37,0,1,0
2585,-3,0,0,45,0,1,0
2586,-3,0,0,46,0,1,0
2587,-3,0,-3,35,0,1,0
2588,-3,0,0,45,0,1,0
2589,-3,0,0,40,0,1,0
2590,-3,0,0,40,0,1,0
2591,-3,0,0,39,0,1,0
2592,-3,0,0,30,0,0,0
2593,-3,0,-3,30,0,0,0
2594,-3,0,0,30,0,1,0
2595,-3,0,0,38,0,0,0
2596,-3,0,0,40,0,1,0
2597,-3,0,-3,-3,0,0,0
2598,-3,0,0,32,0,1,0
2599,-3,0,0,31,0,1,0
2600,-3,0,0,30,0,1,0
2601,-3,0,0,30,0,1,0
2602,-3,0,0,55,0,1,0
2603,-3,0,1,0,0,1,0
2604,-3,0,0,30,0,1,0
2605,-3,0,1,0,0,1,0
2606,-3,0,0,30,0,0,0
2607,-3,0,1,-3,0,0,0
2608,-3,0,1,5,0,1,0
2609,-3,0,0,35,0,1,0
2610,-3,0,-3,50,0,0,0
2611,-3,0,0,25,0,0,0
2612,-3,0,0,30,0,1,0
2613,-3,0,-3,40,0,1,0
2614,-3,0,0,30,0,1,0
2615,-3,0,-3,45,0,1,0
2616,-3,0,0,35,0,1,0
2617,-3,0,1,30,0,0,0
2618,-3,0,0,55,0,1,0
2619,-3,0,1,-3,0,1,0
2620,-3,0,0,27,0,1,0
2621,-3,0,-3,30,0,1,0
2622,-3,0,0,30,0,1,0
2623,-3,0,0,40,0,0,0
2624,-3,0,0,40,0,0,0
2625,-3,0,0,30,0,1,0
2626,-3,0,0,35,0,0,0
2627,-3,0,0,43,0,1,0
2628,-3,0,0,45,0,0,0
2629,-3,0,0,30,0,1,0
2630,-3,0,0,35,0,1,0
2631,-3,0,0,40,0,1,0
2632,-3,0,0,35,0,1,0
2633,-3,0,0,32,0,1,0
2634,-3,0,0,45,0,1,0
2635,-3,0,2,0,0,0,0
2636,-3,0,0,47,0,0,0
2637,-3,0,-3,-3,0,1,0
2638,-3,0,0,40,0,1,0
2639,-3,0,0,45,0,1,0
2640,-3,0,0,30,0,1,0
2641,-3,0,-3,-3,0,0,0
2642,-3,0,0,38,0,1,0
2643,-3,0,0,40,0,1,0
2644,-3,0,0,40,0,1,0
2645,-3,0,0,25,0,0,0
2646,-3,0,-3,35,0,1,0
2647,-3,0,0,30,0,1,0
2648,-3,0,0,20,0,0,0
2649,-3,0,0,30,0,0,0
2650,-3,0,0,4,0,0,0
2651,-3,0,0,35,0,1,0
2652,-3,0,0,45,0,1,0
2653,-3,0,0,30,0,1,0
2654,-3,0,0,42,0,1,0
2655,-3,0,0,33,0,1,0
2656,-3,0,0,25,0,1,0
2657,-3,0,1,5,0,0,0
2658,-3,0,0,30,0,1,0
2659,-3,0,-3,35,0,0,0
2660,-3,0,0,30,0,1,0
2661,-3,0,-3,25,0,1,0
2662,-3,0,0,55,0,0,0
2663,-3,0,0,35,0,1,0
2664,-3,0,-3,32,0,1,0
2665,-3,0,1,-3,0,1,0
2666,-3,0,0,50,0,1,0
2667,-3,0,0,43,0,1,0
2668,-3,0,0,30,0,1,0
2669,-3,0,-3,35,0,0,0
2670,-3,0,0,35,0,1,0
2671,-3,0,1,-3,0,1,0
2672,-3,0,0,30,0,1,0
2673,-3,0,1,15,0,1,0
2674,-3,0,0,20,0,1,0
2675,-3,0,0,55,0,1,0
2676,-3,0,-3,35,0,0,0
2677,-3,0,0,50,0,0,0
2678,-3,0,0,50,0,1,0
2679,-3,0,1,50,0,0,0
2680,-3,0,0,45,0,1,0
2681,-3,0,-3,-3,0,1,0
2682,-3,0,0,40,0,1,0
2683,-3,0,0,50,0,1,0
2684,-3,0,1,5,0,0,0
2685,-3,0,-3,43,0,1,0
2686,-3,0,0,50,0,0,0
2687,-3,0,0,35,0,0,0
2688,-3,0,0,50,0,0,0
2689,-3,0,1,30,0,1,0
2690,-3,0,1,25,0,1,0
2691,-3,0,1,0,0,1,0
2692,-3,0,-3,40,0,1,0
2693,-3,0,0,45,0,1,0
2694,-3,0,0,37,0,1,0
2695,-3,0,0,45,0,1,0
2696,-3,0,0,40,0,1,0
2697,-3,0,0,45,0,1,0
2698,-3,0,0,35,0,1,0
2699,-3,0,0,30,0,1,0
2700,-3,0,1,0,0,1,0
2701,-3,0,0,35,0,1,0
2702,-3,0,1,10,0,1,0
2703,-3,0,1,-3,0,1,0
2704,-3,0,0,45,0,1,0
2705,-3,0,0,30,0,1,0
2706,-3,0,0,40,0,1,0
2707,-3,0,-3,35,0,1,0
2708,-3,0,0,45,0,0,0
2709,-3,0,0,35,0,1,0
2710,-3,0,0,40,0,1,0
2711,-3,0,0,33,0,1,0
2712,-3,0,0,35,0,1,0
2713,-3,0,0,40,0,1,0
2714,-3,0,0,35,0,1,0
2715,-3,0,0,39,0,1,0
2716,-3,0,0,55,0,1,0
2717,-3,0,-3,40,0,1,0
2718,-3,0,0,55,0,1,0
2719,-3,0,0,55,0,1,0
2720,-3,0,0,49,0,1,0
2721,-3,0,0,45,0,0,0
2722,-3,0,0,25,0,1,0
2723,-3,0,0,55,0,1,0
2724,-3,0,0,28,0,1,0
2725,-3,0,-3,55,0,0,0
2726,-3,0,0,40,0,1,0
2727,-3,0,0,30,0,0,0
2728,-3,0,0,35,0,0,0
2729,-3,0,0,45,0,0,0
2730,-3,0,1,7,0,1,0
2731,-3,0,0,25,0,1,0
2732,-3,0,0,38,0,1,0
2733,-3,0,0,45,0,1,0
2734,-3,0,1,10,0,1,0
2735,-3,0,0,30,0,1,0
2736,-3,0,0,45,0,1,0
2737,-3,0,0,32,0,1,0
2738,-3,0,0,35,0,1,0
2739,-3,0,0,40,0,1,0
2740,-3,0,0,40,0,0,0
2741,-3,0,-3,45,0,0,0
2742,-3,0,0,45,0,1,0
2743,-3,0,0,30,0,1,0
2744,-3,0,0,45,0,1,0
2745,-3,0,0,43,0,0,0
2746,-3,0,0,40,0,1,0
2747,-3,0,0,35,0,1,0
2748,-3,0,0,35,0,0,0
2749,-3,0,-3,35,0,0,0
2750,-3,0,0,45,0,1,0
2751,-3,0,0,29,0,0,0
2752,-3,0,0,30,0,1,0
2753,-3,0,0,35,0,1,0
2754,-3,0,0,45,0,0,0
2755,-3,0,0,35,0,1,0
2756,-3,0,0,40,0,1,0
2757,-3,0,-3,31,0,0,0
2758,-3,0,0,40,0,1,0
2759,-3,0,-3,55,0,1,0
2760,-3,0,0,30,0,1,0
2761,-3,0,0,40,0,1,0
2762,-3,0,0,30,0,0,0
2763,-3,0,-3,32,0,1,0
2764,-3,0,0,50,0,0,0
2765,-3,0,0,53,0,0,0
2766,-3,0,0,45,0,0,0
2767,-3,0,1,0,0,1,0
2768,-3,0,0,32,0,1,0
2769,-3,0,0,50,0,1,0
2770,-3,0,0,45,0,1,0
2771,-3,0,0,51,0,1,0
2772,-3,0,0,42,0,1,0
2773,-3,0,1,0,0,1,0
2774,-3,0,0,55,0,1,0
2775,-3,0,0,30,0,1,0
2776,-3,0,0,35,0,1,0
2777,-3,0,0,45,0,1,0
2778,-3,0,0,40,0,1,0
2779,-3,0,0,40,0,1,0
2780,-3,0,0,55,0,1,0
2781,-3,0,0,30,0,1,0
2782,-3,0,0,35,0,1,0
2783,-3,0,0,25,0,1,0
2784,-3,0,0,35,0,1,0
2785,-3,0,-3,38,0,1,0
2786,-3,0,0,40,0,0,0
2787,-3,0,-3,30,0,1,0
2788,-3,0,0,36,0,1,0
2789,-3,0,1,-3,0,1,0
2790,-3,0,0,40,0,1,0
2791,-3,0,0,45,0,1,0
2792,-3,0,0,35,0,0,0
2793,-3,0,0,40,0,1,0
2794,-3,0,-3,34,0,1,0
2795,-3,0,0,40,0,1,0
2796,-3,0,1,10,0,1,0
2797,-3,0,0,35,0,1,0
2798,-3,0,0,25,0,1,0
2799,-3,0,0,40,0,1,0
2800,-3,0,0,25,0,0,0
2801,-3,0,0,45,0,1,0
2802,-3,0,-3,35,0,1,0
2803,-3,0,0,40,0,1,0
2804,-3,0,0,30,0,1,0
2805,-3,0,1,10,0,1,0
2806,-3,0,-3,35,0,1,0
2807,-3,0,1,0,0,0,0
2808,-3,0,0,45,0,1,0
2809,-3,0,0,35,0,0,0
2810,-3,0,0,25,0,1,0
2811,-3,0,1,-3,0,1,0
2812,-3,0,-3,-3,0,1,0
2813,-3,0,-3,-3,0,1,0
2814,-3,0,0,25,0,1,0
2815,-3,0,-3,45,0,0,0
2816,-3,0,0,39,0,1,0
2817,-3,0,0,55,0,1,0
2818,-3,0,0,45,0,0,0
2819,-3,0,0,35,0,1,0
2820,-3,0,0,45,0,0,0
2821,-3,0,-3,33,0,1,0
2822,-3,0,0,38,0,1,0
2823,-3,0,0,30,0,1,0
2824,-3,0,0,32,0,1,0
2825,-3,0,1,-3,0,1,0
2826,-3,0,0,50,0,0,0
2827,-3,0,-3,40,0,1,0
2828,-3,0,0,40,0,1,0
2829,-3,0,0,30,0,1,0
2830,-3,0,0,40,0,1,0
2831,-3,0,-3,55,0,1,0
2832,-3,0,0,40,0,0,0
2833,-3,0,0,40,0,1,0
2834,-3,0,0,45,0,0,0
2835,-3,0,0,45,0,1,0
2836,-3,0,0,30,0,0,0
2837,-3,0,0,45,0,0,0
2838,-3,0,0,35,0,0,0
2839,-3,0,0,25,0,1,0
2840,-3,0,0,40,0,1,0
2841,-3,0,0,38,0,1,0
2842,-3,0,0,35,0,0,0
2843,-3,0,1,15,0,1,0
2844,-3,0,0,30,0,1,0
2845,-3,0,-3,50,0,0,0
2846,-3,0,0,55,0,0,0
2847,-3,0,0,40,0,1,0
2848,-3,0,0,40,0,1,0
2849,-3,0,0,55,0,1,0
2850,-3,0,0,40,0,1,0
2851,-3,0,0,39,0,1,0
2852,-3,0,0,36,0,1,0
2853,-3,0,0,50,0,1,0
2854,-3,0,0,35,0,1,0
2855,-3,0,0,50,0,1,0
2856,-3,0,0,35,0,0,0
2857,-3,0,0,35,0,1,0
2858,-3,0,0,55,0,1,0
2859,-3,0,1,0,0,1,0
2860,-3,0,-3,40,0,1,0
2861,-3,0,0,49,0,1,0
2862,-3,0,0,45,0,0,0
2863,-3,0,0,44,0,1,0
2864,-3,0,-3,50,0,1,0
2865,-3,0,-3,47,0,1,0
2866,-3,0,-3,35,0,1,0
2867,-3,0,-3,45,0,1,0
2868,-3,0,0,50,0,0,0
2869,-3,0,1,20,0,1,0
2870,-3,0,-3,55,0,1,0
2871,-3,0,0,30,0,0,0
2872,-3,0,0,45,0,1,0
2873,-3,0,0,34,0,1,0
2874,-3,0,0,40,0,1,0
2875,-3,0,0,30,0,1,0
2876,-3,0,-3,35,0,1,0
2877,-3,0,0,40,0,1,0
2878,-3,0,1,30,0,1,0
2879,-3,0,0,35,0,1,0
2880,-3,0,-3,35,0,0,0
2881,-3,0,0,40,0,1,0
2882,-3,0,-3,32,0,1,0
2883,-3,0,0,35,0,1,0
2884,-3,0,0,48,0,1,0
2885,-3,0,-3,50,0,1,0
2886,-3,0,0,45,0,1,0
2887,-3,0,0,40,0,1,0
2888,-3,0,-3,35,0,1,0
2889,-3,0,0,35,0,1,0
2890,-3,0,-3,45,0,1,0
2891,-3,0,0,50,0,1,0
2892,-3,0,-3,-3,0,1,0
2893,-3,0,0,50,0,1,0
2894,-3,0,0,55,0,1,0
2895,-3,0,0,35,0,1,0
2896,-3,0,0,38,0,1,0
2897,-3,0,0,30,0,1,0
2898,-3,0,2,15,0,1,0
2899,-3,0,1,17,0,1,0
2900,-3,0,0,30,0,1,0
2901,-3,0,0,30,0,1,0
2902,-3,0,-3,40,0,1,0
2903,-3,0,-3,45,0,1,0
2904,-3,0,0,45,0,0,0
2905,-3,0,0,40,0,1,0
2906,-3,0,0,35,0,1,0
2907,-3,0,0,40,0,1,0
2908,-3,0,0,45,0,1,0
2909,-3,0,0,45,0,1,0
2910,-3,0,0,35,0,0,0
2911,-3,0,1,0,0,1,0
2912,-3,0,0,30,0,1,0
2913,-3,0,0,30,0,1,0
2914,-3,0,0,40,0,1,0
2915,-3,0,0,45,0,1,0
2916,-3,0,0,55,0,0,0
2917,-3,0,0,30,0,1,0
2918,-3,0,0,30,0,1,0
2919,-3,0,-3,35,0,0,0
2920,-3,0,0,30,0,0,0
2921,-3,0,0,45,0,1,0
2922,-3,0,0,45,0,1,0
2923,-3,0,-3,45,0,1,0
2924,-3,0,1,15,0,1,0
2925,-3,0,0,45,0,0,0
2926,-3,0,0,25,0,1,0
2927,-3,0,0,30,0,1,0
2928,-3,0,0,50,0,1,0
2929,-3,0,0,30,0,1,0
2930,-3,0,0,30,0,1,0
2931,-3,0,0,38,0,1,0
2932,-3,0,0,30,0,0,0
2933,-3,0,1,10,0,0,0
2934,-3,0,0,43,0,1,0
2935,-3,0,0,30,0,1,0
2936,-3,0,0,40,0,1,0
2937,-3,0,0,45,0,1,0
2938,-3,0,0,40,0,1,0
2939,-3,0,0,27,0,1,0
2940,-3,0,-3,30,0,0,0
2941,-3,0,0,40,0,1,0
2942,-3,0,0,25,0,1,0
2943,-3,0,0,45,0,1,0
2944,-3,0,0,40,0,1,0
2945,-3,0,-3,33,0,1,0
2946,-3,0,-3,30,0,1,0
2947,-3,0,0,29,0,1,0
2948,-3,0,0,40,0,1,0
2949,-3,0,0,43,0,0,0
2950,-3,0,0,50,0,1,0
2951,-3,0,-3,55,0,1,0
2952,-3,0,-3,50,0,1,0
2953,-3,0,0,45,0,1,0
2954,-3,0,1,30,0,1,0
2955,-3,0,0,30,0,1,0
2956,-3,0,0,44,0,0,0
2957,-3,0,0,20,0,1,0
2958,-3,0,0,35,0,1,0
2959,-3,0,0,33,0,1,0
2960,-3,0,-3,45,0,1,0
2961,-3,0,-3,-3,0,1,0
2962,-3,0,0,40,0,1,0
2963,-3,0,0,35,0,1,0
2964,-3,0,0,45,0,0,0
2965,-3,0,0,55,0,1,0
2966,-3,0,0,35,0,1,0
2967,-3,0,-3,30,0,1,0
2968,-3,0,1,0,0,0,0
2969,-3,0,0,35,0,0,0
2970,-3,0,1,10,0,1,0
2971,-3,0,0,40,0,1,0
2972,-3,0,-3,50,0,1,0
2973,-3,0,0,35,0,1,0
2974,-3,0,-3,55,0,1,0
2975,-3,0,-3,-3,0,0,0
2976,-3,0,0,55,0,1,0
2977,-3,0,0,30,0,1,0
2978,-3,0,0,20,0,0,0
2979,-3,0,0,45,0,0,0
2980,-3,0,0,40,0,1,0
2981,-3,0,-3,31,0,1,0
2982,-3,0,0,35,0,1,0
2983,-3,0,0,30,0,1,0
2984,-3,0,0,35,0,1,0
2985,-3,0,0,25,0,0,0
2986,-3,0,0,30,0,0,0
2987,-3,0,0,33,0,1,0
2988,-3,0,0,40,0,1,0
2989,-3,0,0,30,0,0,0
2990,-3,0,0,40,0,1,0
2991,-3,0,0,50,0,1,0
2992,-3,0,-3,34,0,0,0
2993,-3,0,0,40,0,1,0
2994,-3,0,0,28,0,1,0
2995,-3,0,-3,35,0,0,0
2996,-3,0,1,15,0,1,0
2997,-3,0,0,25,0,1,0
2998,-3,0,0,45,0,1,0
2999,-3,0,-3,40,0,1,0
3000,-3,0,-3,32,0,1,0
3001,-3,0,-3,-3,0,1,0
3002,-3,0,0,30,0,1,0
3003,-3,0,1,15,0,1,0
3004,-3,0,-3,31,0,1,0
3005,-3,0,0,40,0,1,0
3006,-3,0,1,5,0,1,0
3007,-3,0,0,35,0,1,0
3008,-3,0,0,30,0,1,0
3009,-3,0,0,33,0,0,0
3010,-3,0,1,3,0,1,0
3011,-3,0,-3,40,0,1,0
3012,-3,0,0,45,0,1,0
3013,-3,0,0,45,0,1,0
3014,-3,0,0,35,0,1,0
3015,-3,0,0,30,0,1,0
3016,-3,0,0,35,0,1,0
3017,-3,0,0,43,0,0,0
3018,-3,0,0,45,0,1,0
3019,-3,0,0,33,0,1,0
3020,-3,0,-3,35,0,1,0
3021,-3,0,0,55,0,1,0
3022,-3,0,0,55,0,1,0
3023,-3,0,0,30,0,0,0
3024,-3,0,0,30,0,1,0
3025,-3,0,0,50,0,0,0
3026,-3,0,0,44,0,1,0
3027,-3,0,0,33,0,1,0
3028,-3,0,-3,20,0,1,0
3029,-3,0,0,35,0,1,0
3030,-3,0,0,45,0,1,0
3031,-3,0,0,40,0,1,0
3032,-3,0,0,40,0,1,0
3033,-3,0,0,35,0,0,0
3034,-3,0,0,40,0,1,0
3035,-3,0,-3,29,0,1,0
3036,-3,0,1,30,0,0,0
3037,-3,0,0,27,0,1,0
3038,-3,0,0,40,0,1,0
3039,-3,0,-3,25,0,1,0
3040,-3,0,-3,30,0,1,0
3041,-3,0,0,45,0,1,0
3042,-3,0,0,40,0,1,0
3043,-3,0,0,45,0,1,0
3044,-3,0,0,45,0,0,0
3045,-3,0,0,31,0,1,0
3046,-3,0,0,35,0,1,0
3047,-3,0,0,35,0,1,0
3048,-3,0,0,32,0,1,0
3049,-3,0,0,40,0,0,0
3050,-3,0,0,30,0,0,0
3051,-3,0,1,0,0,1,0
3052,-3,0,0,55,0,0,0
3053,-3,0,0,35,0,1,0
3054,-3,0,0,40,0,1,0
3055,-3,0,1,10,0,1,0
3056,-3,0,0,45,0,1,0
3057,-3,0,0,38,0,1,0
3058,-3,0,0,35,0,0,0
3059,-3,0,-3,35,0,1,0
3060,-3,0,0,39,0,1,0
3061,-3,0,0,40,0,1,0
3062,-3,0,1,0,0,0,0
3063,-3,0,-3,45,0,0,0
3064,-3,0,-3,-3,0,0,0
3065,-3,0,0,30,0,1,0
3066,-3,0,0,50,0,1,0
3067,-3,0,0,45,0,1,0
3068,-3,0,0,30,0,1,0
3069,-3,0,0,40,0,1,0
3070,-3,0,0,40,0,0,0
3071,-3,0,0,30,0,1,0
3072,-3,0,0,30,0,1,0
3073,-3,0,0,50,0,1,0
3074,-3,0,0,55,0,1,0
3075,-3,0,0,35,0,1,0
3076,-3,0,0,45,0,1,0
3077,-3,0,0,50,0,0,0
3078,-3,0,0,20,0,1,0
3079,-3,0,0,35,0,1,0
3080,-3,0,0,40,0,1,0
3081,-3,0,0,40,0,1,0
3082,-3,0,1,0,0,1,0
3083,-3,0,1,-3,0,1,0
3084,-3,0,0,40,0,1,0
3085,-3,0,-2,-2,0,1,0
3086,-3,0,-3,30,0,0,0
3087,-3,0,1,0,0,0,0
3088,-3,0,0,41,0,1,0
3089,-3,0,0,35,0,1,0
3090,-3,0,1,0,0,1,0
3091,-3,0,0,45,0,1,0
3092,-3,0,0,45,0,1,0
3093,-3,0,0,55,0,1,0
3094,-3,0,0,40,0,1,0
3095,-3,0,0,55,0,1,0
3096,-3,0,0,40,0,0,0
3097,-3,0,0,40,0,1,0
3098,-3,0,1,5,0,0,0
3099,-3,0,0,25,0,1,0
3100,-3,0,0,45,0,1,0
3101,-3,0,-3,30,0,0,0
3102,-3,0,0,46,0,0,0
3103,-3,0,0,30,0,1,0
3104,-3,0,0,55,0,1,0
3105,-3,0,0,35,0,1,0
3106,-3,0,0,30,0,1,0
3107,-3,0,1,15,0,1,0
3108,-3,0,0,30,0,1,0
3109,-3,0,-3,50,0,1,0
3110,-3,0,0,45,0,1,0
3111,-3,0,-3,46,0,0,0
3112,-3,0,0,25,0,1,0
3113,-3,0,0,30,0,1,0
3114,-3,0,0,30,0,0,0
3115,-3,0,-3,35,0,1,0
3116,-3,0,1,30,0,1,0
3117,-3,0,-3,30,0,1,0
3118,-3,0,0,30,0,1,0
3119,-3,0,0,25,0,1,0
3120,-3,0,0,30,0,1,0
3121,-3,0,0,30,0,1,0
3122,-3,0,0,55,0,1,0
3123,-3,0,0,30,0,1,0
3124,-3,0,0,25,0,1,0
3125,-3,0,0,45,0,1,0
3126,-3,0,-3,-3,0,1,0
3127,-3,0,0,35,0,1,0
3128,-3,0,-3,25,0,1,0
3129,-3,0,1,7,0,1,0
3130,-3,0,0,40,0,1,0
3131,-3,0,0,40,0,1,0
3132,-3,0,0,30,0,1,0
3133,-3,0,0,45,0,1,0
3134,-3,0,0,40,0,1,0
3135,-3,0,0,46,0,0,0
3136,-3,0,-3,40,0,1,0
3137,-3,0,0,35,0,1,0
3138,-3,0,0,40,0,1,0
3139,-3,0,0,40,0,1,0
3140,-3,0,0,35,0,1,0
3141,-3,0,0,30,0,1,0
3142,-3,0,0,35,0,1,0
3143,-3,0,0,40,0,1,0
3144,-3,0,0,30,0,1,0
3145,-3,0,-3,55,0,0,0
3146,-3,0,0,45,0,1,0
3147,-3,0,0,40,0,1,0
3148,-3,0,0,35,0,1,0
3149,-3,0,-3,51,0,1,0
3150,-3,0,-3,35,0,0,0
3151,-3,0,0,30,0,1,0
3152,-3,0,0,45,0,0,0
3153,-3,0,0,40,0,1,0
3154,-3,0,0,30,0,1,0
3155,-3,0,0,32,0,1,0
3156,-3,0,0,29,0,1,0
3157,-3,0,0,45,0,1,0
3158,-3,0,1,-3,0,1,0
3159,-3,0,1,0,0,0,0
3160,-3,0,-3,25,0,0,0
3161,-3,0,0,25,0,1,0
3162,-3,0,0,33,0,0,0
3163,-3,0,0,30,0,1,0
3164,-3,0,1,0,0,1,0
3165,-3,0,-3,52,0,1,0
3166,-3,0,0,40,0,1,0
3167,-3,0,0,40,0,1,0
3168,-3,0,0,35,0,0,0
3169,-3,0,0,35,0,1,0
3170,-3,0,0,30,0,1,0
3171,-3,0,1,0,0,1,0
3172,-3,0,0,36,0,1,0
3173,-3,0,0,30,0,1,0
3174,-3,0,0,50,0,1,0
3175,-3,0,0,30,0,1,0
3176,-3,0,0,40,0,1,0
3177,-3,0,0,31,0,1,0
3178,-3,0,0,40,0,0,0
3179,-3,0,0,40,0,1,0
3180,-3,0,0,45,0,1,0
3181,-3,0,1,30,0,1,0
3182,-3,0,0,45,0,1,0
3183,-3,0,0,25,0,1,0
3184,-3,0,-3,-3,0,1,0
3185,-3,0,0,25,0,1,0
3186,-3,0,-3,-3,0,0,0
3187,-3,0,0,55,0,1,0
3188,-3,0,0,45,0,1,0
3189,-3,0,0,50,0,1,0
3190,-3,0,0,40,0,0,0
3191,-3,0,0,30,0,0,0
3192,-3,0,-3,-3,0,1,0
3193,-3,0,0,40,0,1,0
3194,-3,0,-3,20,0,1,0
3195,-3,0,-3,30,0,1,0
3196,-3,0,1,0,0,0,0
3197,-3,0,0,30,0,1,0
3198,-3,0,0,35,0,1,0
3199,-3,0,0,30,0,1,0
3200,-3,0,1,-3,0,1,0
3201,-3,0,0,40,0,1,0
3202,-3,0,-3,45,0,1,0
3203,-3,0,0,50,0,1,0
3204,-3,0,-3,45,0,1,0
3205,-3,0,-3,-3,0,1,0
3206,-3,0,1,15,0,1,0
3207,-3,0,0,30,0,1,0
3208,-3,0,1,30,0,0,0
3209,-3,0,1,0,0,1,0
3210,-3,0,-3,31,0,1,0
3211,-3,0,1,0,0,0,0
3212,-3,0,0,45,0,1,0
3213,-3,0,0,30,0,1,0
3214,-3,0,-3,35,0,1,0
3215,-3,0,0,30,0,1,0
3216,-3,0,1,-3,0,1,0
3217,-3,0,0,25,0,1,0
3218,-3,0,-3,-3,0,0,0
3219,-3,0,0,40,0,1,0
3220,-3,0,-3,35,0,0,0
3221,-3,0,0,40,0,0,0
3222,-3,0,1,10,0,1,0
3223,-3,0,0,30,0,1,0
3224,-3,0,0,45,0,0,0
3225,-3,0,0,50,0,1,0
3226,-3,0,1,50,0,1,0
3227,-3,0,0,45,0,1,0
3228,-3,0,0,45,0,1,0
3229,-3,0,0,30,0,1,0
3230,-3,0,0,45,0,0,0
3231,-3,0,0,30,0,1,0
3232,-3,0,0,53,0,1,0
3233,-3,0,0,50,0,1,0
3234,-3,0,0,30,0,1,0
3235,-3,0,0,34,0,1,0
3236,-3,0,0,30,0,1,0
3237,-3,0,-3,40,0,0,0
3238,-3,0,0,40,0,1,0
3239,-3,0,0,50,0,1,0
3240,-3,0,0,35,0,1,0
3241,-3,0,0,45,0,1,0
3242,-3,0,1,3,0,1,0
3243,-3,0,0,50,0,1,0
3244,-3,0,0,35,0,1,0
3245,-3,0,0,25,0,0,0
3246,-3,0,0,38,0,1,0
3247,-3,0,-3,35,0,1,0
3248,-3,0,1,20,0,1,0
3249,-3,0,-3,30,0,1,0
3250,-3,0,0,30,0,1,0
3251,-3,0,0,45,0,1,0
3252,-3,0,0,35,0,1,0
3253,-3,0,0,40,0,1,0
3254,-3,0,0,35,0,1,0
3255,-3,0,0,40,0,1,0
3256,-3,0,1,40,0,1,0
3257,-3,0,1,25,0,1,0
3258,-3,0,-3,34,0,0,0
3259,-3,0,0,55,0,0,0
3260,-3,0,1,-3,0,1,0
3261,-3,0,0,35,0,1,0
3262,-3,0,0,40,0,0,0
3263,-3,0,0,30,0,1,0
3264,-3,0,0,40,0,1,0
3265,-3,0,1,0,0,1,0
3266,-3,0,0,35,0,1,0
3267,-3,0,-3,-3,0,0,0
3268,-3,0,0,35,0,1,0
3269,-3,0,1,2,0,0,0
3270,-3,0,0,50,0,0,0
3271,-3,0,-3,-3,0,1,0
3272,-3,0,1,5,0,1,0
3273,-3,0,0,35,0,1,0
3274,-3,0,-3,35,0,1,0
3275,-3,0,0,40,0,1,0
3276,-3,0,0,30,0,1,0
3277,-3,0,0,55,0,1,0
3278,-3,0,-3,33,0,1,0
3279,-3,0,0,50,0,0,0
3280,-3,0,0,35,0,0,0
3281,-3,0,0,30,0,1,0
3282,-3,0,0,30,0,1,0
3283,-3,0,0,40,0,1,0
3284,-3,0,0,30,0,1,0
3285,-3,0,0,45,0,1,0
3286,-3,0,0,33,0,1,0
3287,-3,0,0,45,0,1,0
3288,-3,0,0,35,0,1,0
3289,-3,0,-3,50,0,1,0
3290,-3,0,0,33,0,1,0
3291,-3,0,0,45,0,1,0
3292,-3,0,-3,40,0,0,0
3293,-3,0,0,55,0,1,0
3294,-3,0,0,30,0,1,0
3295,-3,0,-3,31,0,1,0
3296,-3,0,0,40,0,1,0
3297,-3,0,0,30,0,1,0
3298,-3,0,0,30,0,1,0
3299,-3,0,0,30,0,1,0
3300,-3,0,0,40,0,1,0
3301,-3,0,0,35,0,1,0
3302,-3,0,0,-3,0,1,0
3303,-3,0,0,30,0,1,0
3304,-3,0,0,45,0,1,0
3305,-3,0,0,50,0,1,0
3306,-3,0,0,45,0,1,0
3307,-3,0,1,0,0,1,0
3308,-3,0,1,0,0,1,0
3309,-3,0,0,35,0,1,0
3310,-3,0,0,25,0,1,0
3311,-3,0,0,45,0,1,0
3312,-3,0,0,45,0,1,0
3313,-3,0,0,25,0,1,0
3314,-3,0,-3,35,0,0,0
3315,-3,0,-3,30,0,1,0
3316,-3,0,0,30,0,1,0
3317,-3,0,0,30,0,0,0
3318,-3,0,0,40,0,1,0
3319,-3,0,0,58,0,0,0
3320,-3,0,0,35,0,1,0
3321,-3,0,0,50,0,1,0
3322,-3,0,1,0,0,1,0
3323,-3,0,0,30,0,1,0
3324,-3,0,0,40,0,1,0
3325,-3,0,0,50,0,1,0
3326,-3,0,-3,30,0,0,0
3327,-3,0,-3,40,0,1,0
3328,-3,0,0,45,0,1,0
3329,-3,0,0,30,0,0,0
3330,-3,0,0,55,0,1,0
3331,-3,0,0,30,0,1,0
3332,-3,0,0,30,0,1,0
3333,-3,0,0,35,0,1,0
3334,-3,0,0,35,0,1,0
3335,-3,0,0,35,0,0,0
3336,-3,0,0,35,0,0,0
3337,-3,0,0,37,0,1,0
3338,-3,0,-3,-3,0,0,0
3339,-3,0,0,35,0,0,0
3340,-3,0,0,40,0,0,0
3341,-3,0,0,40,0,1,0
3342,-3,0,0,40,0,1,0
3343,-3,0,0,25,0,1,0
3344,-3,0,0,35,0,1,0
3345,-3,0,0,55,0,1,0
3346,-3,0,0,50,0,1,0
3347,-3,0,0,40,0,1,0
3348,-3,0,0,57,0,1,0
3349,-3,0,0,40,0,1,0
3350,-3,0,0,50,0,1,0
3351,-3,0,1,-3,0,0,0
3352,-3,0,0,45,0,1,0
3353,-3,0,0,40,0,0,0
3354,-3,0,0,50,0,1,0
3355,-3,0,1,5,0,1,0
3356,-3,0,-3,40,0,1,0
3357,-3,0,0,35,0,0,0
3358,-3,0,0,42,0,1,0
3359,-3,0,0,40,0,0,0
3360,-3,0,0,40,0,1,0
3361,-3,0,-3,35,0,1,0
3362,-3,0,0,55,0,0,0
3363,-3,0,1,20,0,0,0
3364,-3,0,0,40,0,0,0
3365,-3,0,1,40,0,1,0
3366,-3,0,-3,35,0,1,0
3367,-3,0,0,35,0,1,0
3368,-3,0,0,55,0,1,0
3369,-3,0,-3,30,0,0,0
3370,-3,0,0,40,0,1,0
3371,-3,0,0,15,0,1,0
3372,-3,0,1,5,0,1,0
3373,-3,0,0,34,0,1,0
3374,-3,0,-3,41,0,1,0
3375,-3,0,0,45,0,1,0
3376,-3,0,0,40,0,1,0
3377,-3,0,0,25,0,1,0
3378,-3,0,0,35,0,0,0
3379,-3,0,0,30,0,1,0
3380,-3,0,0,55,0,1,0
3381,-3,0,0,45,0,0,0
3382,-3,0,-3,55,0,0,0
3383,-3,0,0,35,0,1,0
3384,-3,0,0,55,0,1,0
3385,-3,0,0,30,0,1,0
3386,-3,0,0,42,0,1,0
3387,-3,0,0,30,0,1,0
3388,-3,0,0,56,0,0,0
3389,-3,0,0,20,0,0,0
3390,-3,0,-3,30,0,1,0
3391,-3,0,0,45,0,1,0
3392,-3,0,0,40,0,1,0
3393,-3,0,1,20,0,1,0
3394,-3,0,0,45,0,0,0
3395,-3,0,1,18,0,1,0
3396,-3,0,1,5,0,0,0
3397,-3,0,0,25,0,1,0
3398,-3,0,0,40,0,1,0
3399,-3,0,0,35,0,0,0
3400,-3,0,0,35,0,1,0
3401,-3,0,0,45,0,1,0
3402,-3,0,0,50,0,1,0
3403,-3,0,0,47,0,1,0
3404,-3,0,0,40,0,1,0
3405,-3,0,0,45,0,1,0
3406,-3,0,0,30,0,1,0
3407,-3,0,0,30,0,1,0
3408,-3,0,0,30,0,0,0
3409,-3,0,0,45,0,1,0
3410,-3,0,0,50,0,0,0
3411,-3,0,0,45,0,1,0
3412,-3,0,0,40,0,1,0
3413,-3,0,0,30,0,1,0
3414,-3,0,0,30,0,1,0
3415,-3,0,-3,44,0,1,0
3416,-3,0,0,50,0,1,0
3417,-3,0,0,30,0,1,0
3418,-3,0,0,30,0,1,0
3419,-3,0,0,45,0,1,0
3420,-3,0,0,40,0,1,0
3421,-3,0,0,37,0,0,0
3422,-3,0,1,10,0,1,0
3423,-3,0,0,30,0,1,0
3424,-3,0,0,35,0,0,0
3425,-3,0,0,20,0,1,0
3426,-3,0,0,35,0,1,0
3427,-3,0,0,30,0,0,0
3428,-3,0,1,20,0,1,0
3429,-3,0,0,35,0,1,0
3430,-3,0,0,50,0,0,0
3431,-3,0,0,40,0,1,0
3432,-3,0,0,50,0,1,0
3433,-3,0,-3,40,0,0,0
3434,-3,0,0,43,0,1,0
3435,-3,0,0,55,0,1,0
3436,-3,0,0,23,0,1,0
3437,-3,0,0,25,0,1,0
3438,-3,0,0,37,0,1,0
3439,-3,0,-3,49,0,0,0
3440,-3,0,0,42,0,1,0
3441,-3,0,-3,30,0,1,0
3442,-3,0,0,20,0,1,0
3443,-3,0,0,30,0,1,0
3444,-3,0,0,35,0,0,0
3445,-3,0,0,25,0,1,0
3446,-3,0,0,30,0,1,0
3447,-3,0,0,47,0,1,0
3448,-3,0,0,40,0,0,0
3449,-3,0,0,35,0,1,0
3450,-3,0,1,5,0,0,0
3451,-3,0,0,30,0,0,0
3452,-3,0,0,30,0,1,0
3453,-3,0,0,35,0,1,0
3454,-3,0,0,25,0,1,0
3455,-3,0,0,35,0,1,0
3456,-3,0,0,35,0,0,0
3457,-3,0,1,45,0,1,0
3458,-3,0,0,30,0,1,0
3459,-3,0,0,45,0,1,0
3460,-3,0,0,30,0,1,0
3461,-3,0,0,45,0,0,0
3462,-3,0,0,40,0,0,0
3463,-3,0,0,35,0,1,0
3464,-3,0,1,20,0,1,0
3465,-3,0,0,38,0,1,0
3466,-3,0,0,33,0,1,0
3467,-3,0,0,35,0,1,0
3468,-3,0,0,30,0,1,0
3469,-3,0,0,35,0,1,0
3470,-3,0,1,35,0,1,0
3471,-3,0,0,45,0,1,0
3472,-3,0,1,10,0,1,0
3473,-3,0,1,0,0,1,0
3474,-3,0,0,30,0,1,0
3475,-3,0,0,40,0,0,0
3476,-3,0,0,40,0,1,0
3477,-3,0,0,30,0,1,0
3478,-3,0,0,35,0,1,0
3479,-3,0,0,25,0,1,0
3480,-3,0,1,25,0,0,0
3481,-3,0,0,40,0,1,0
3482,-3,0,0,55,0,0,0
3483,-3,0,0,45,0,1,0
3484,-3,0,0,40,0,1,0
3485,-3,0,-3,45,0,1,0
3486,-3,0,0,35,0,1,0
3487,-3,0,1,0,0,0,0
3488,-3,0,1,9,0,1,0
3489,-3,0,0,44,0,0,0
3490,-3,0,0,40,0,1,0
3491,-3,0,0,30,0,1,0
3492,-3,0,0,32,0,0,0
3493,-3,0,0,35,0,1,0
3494,-3,0,0,50,0,1,0
3495,-3,0,0,30,0,1,0
3496,-3,0,-3,57,0,1,0
3497,-3,0,0,40,0,1,0
3498,-3,0,0,25,0,1,0
3499,-3,0,0,45,0,0,0
3500,-3,0,0,40,0,0,0
3501,-3,0,-3,30,0,1,0
3502,-3,0,0,40,0,1,0
3503,-3,0,-3,35,0,1,0
3504,-3,0,0,50,0,1,0
3505,-3,0,0,30,0,1,0
3506,-3,0,0,42,0,0,0
3507,-3,0,0,40,0,1,0
3508,-3,0,0,45,0,1,0
3509,-3,0,0,35,0,0,0
3510,-3,0,0,40,0,1,0
3511,-3,0,0,40,0,1,0
3512,-3,0,0,55,0,1,0
3513,-3,0,0,30,0,1,0
3514,-3,0,0,45,0,0,0
3515,-3,0,1,15,0,1,0
3516,-3,0,0,45,0,1,0
3517,-3,0,0,50,0,1,0
3518,-3,0,0,20,0,1,0
3519,-3,0,0,30,0,1,0
3520,-3,0,-3,35,0,0,0
3521,-3,0,0,35,0,1,0
3522,-3,0,0,30,0,1,0
3523,-3,0,-3,55,0,0,0
3524,-3,0,-3,50,0,1,0
3525,-3,0,0,31,0,0,0
3526,-3,0,0,45,0,1,0
3527,-3,0,1,10,0,1,0
3528,-3,0,0,31,0,0,0
3529,-3,0,-3,40,0,1,0
3530,-3,0,0,40,0,1,0
3531,-3,0,0,40,0,0,0
3532,-3,0,0,45,0,1,0
3533,-3,0,0,31,0,1,0
3534,-3,0,0,40,0,1,0
3535,-3,0,0,50,0,0,0
3536,-3,0,1,1,0,1,0
3537,-3,0,0,53,0,1,0
3538,-3,0,0,48,0,1,0
3539,-3,0,0,45,0,1,0
3540,-3,0,0,40,0,0,0
3541,-3,0,-3,-3,0,1,0
3542,-3,0,0,30,0,0,0
3543,-3,0,0,35,0,1,0
3544,-3,0,-3,40,0,1,0
3545,-3,0,0,55,0,1,0
3546,-3,0,0,54,0,1,0
3547,-3,0,0,40,0,1,0
3548,-3,0,0,35,0,1,0
3549,-3,0,-3,35,0,1,0
3550,-3,0,0,30,0,1,0
3551,-3,0,0,45,0,1,0
3552,-3,0,0,20,0,1,0
3553,-3,0,0,40,0,0,0
3554,-3,0,0,45,0,0,0
3555,-3,0,4,0,0,1,0
3556,-3,0,1,20,0,0,0
3557,-3,0,0,40,0,1,0
3558,-3,0,1,0,0,1,0
3559,-3,0,0,55,0,1,0
3560,-3,0,0,45,0,1,0
3561,-3,0,0,30,0,1,0
3562,-3,0,0,25,0,1,0
3563,-3,0,0,25,0,0,0
3564,-3,0,0,45,0,1,0
3565,-3,0,0,25,0,1,0
3566,-3,0,0,40,0,1,0
3567,-3,0,0,40,0,1,0
3568,-3,0,0,45,0,0,0
3569,-3,0,0,40,0,0,0
3570,-3,0,1,10,0,1,0
3571,-3,0,0,30,0,1,0
3572,-3,0,0,53,0,1,0
3573,-3,0,-3,55,0,1,0
3574,-3,0,-3,40,0,0,0
3575,-3,0,0,30,0,1,0
3576,-3,0,0,40,0,0,0
3577,-3,0,0,40,0,1,0
3578,-3,0,0,33,0,0,0
3579,-3,0,0,40,0,1,0
3580,-3,0,0,45,0,1,0
3581,-3,0,-3,40,0,0,0
3582,-3,0,0,35,0,0,0
3583,-3,0,0,35,0,0,0
3584,-3,0,0,23,0,1,0
3585,-3,0,1,-3,0,0,0
3586,-3,0,0,45,0,1,0
3587,-3,0,0,32,0,0,0
3588,-3,0,0,20,0,0,0
3589,-3,0,0,38,0,1,0
3590,-3,0,0,35,0,0,0
3591,-3,0,0,50,0,1,0
3592,-3,0,0,40,0,0,0
3593,-3,0,0,30,0,1,0
3594,-3,0,-3,35,0,0,0
3595,-3,0,0,30,0,0,0
3596,-3,0,1,0,0,0,0
3597,-3,0,0,38,0,1,0
3598,-3,0,-3,40,0,1,0
3599,-3,0,0,40,0,1,0
3600,-3,0,0,35,0,1,0
3601,-3,0,0,35,0,1,0
3602,-3,0,0,35,0,1,0
3603,-3,0,0,45,0,1,0
3604,-3,0,1,0,0,0,0
3605,-3,0,0,45,0,1,0
3606,-3,0,-3,30,0,0,0
3607,-3,0,-3,30,0,1,0
3608,-3,0,0,28,0,1,0
3609,-3,0,0,35,0,0,0
3610,-3,0,0,45,0,1,0
3611,-3,0,0,45,0,0,0
3612,-3,0,0,30,0,1,0
3613,-3,0,-3,-3,0,0,0
3614,-3,0,0,50,0,0,0
3615,-3,0,0,43,0,0,0
3616,-3,0,0,45,0,1,0
3617,-3,0,0,45,0,1,0
3618,-3,0,-3,45,0,0,0
3619,-3,0,0,25,0,0,0
3620,-3,0,0,30,0,0,0
3621,-3,0,0,28,0,1,0
3622,-3,0,0,53,0,1,0
3623,-3,0,1,0,0,1,0
3624,-3,0,0,35,0,1,0
3625,-3,0,0,30,0,1,0
3626,-3,0,0,30,0,1,0
3627,-3,0,1,21,0,1,0
3628,-3,0,0,40,0,1,0
3629,-3,0,0,50,0,1,0
3630,-3,0,0,58,0,1,0
3631,-3,0,0,35,0,1,0
3632,-3,0,0,40,0,1,0
3633,-3,0,-3,42,0,0,0
3634,-3,0,0,38,0,0,0
3635,-3,0,-3,30,0,1,0
3636,-3,0,0,40,0,0,0
3637,-3,0,1,4,0,1,0
3638,-3,0,0,45,0,1,0
3639,-3,0,0,27,0,1,0
3640,-3,0,0,40,0,1,0
3641,-3,0,0,46,0,1,0
3642,-3,0,0,45,0,1,0
3643,-3,0,0,54,0,1,0
3644,-3,0,0,40,0,1,0
3645,-3,0,-3,33,0,0,0
3646,-3,0,0,40,0,0,0
3647,-3,0,0,30,0,1,0
3648,-3,0,-3,30,0,0,0
3649,-3,0,0,40,0,1,0
3650,-3,0,0,30,0,1,0
3651,-3,0,0,45,0,1,0
3652,-3,0,0,35,0,1,0
3653,-3,0,-3,32,0,0,0
3654,-3,0,0,30,0,0,0
3655,-3,0,0,55,0,1,0
3656,-3,0,0,40,0,1,0
3657,-3,0,1,30,0,1,0
3658,-3,0,0,50,0,1,0
3659,-3,0,-3,41,0,1,0
3660,-3,0,-3,33,0,0,0
3661,-3,0,1,13,0,1,0
3662,-3,0,0,35,0,1,0
3663,-3,0,0,45,0,1,0
3664,-3,0,1,1,0,1,0
3665,-3,0,1,0,0,1,0
3666,-3,0,0,33,0,1,0
3667,-3,0,0,40,0,1,0
3668,-3,0,-3,38,0,1,0
3669,-3,0,0,45,0,1,0
3670,-3,0,0,30,0,1,0
3671,-3,0,0,45,0,1,0
3672,-3,0,-3,-3,0,0,0
3673,-3,0,0,40,0,1,0
3674,-3,0,0,30,0,1,0
3675,-3,0,0,35,0,0,0
3676,-3,0,0,35,0,1,0
3677,-3,0,0,35,0,1,0
3678,-3,0,0,30,0,1,0
3679,-3,0,0,30,0,1,0
3680,-3,0,0,45,0,0,0
3681,-3,0,0,30,0,1,0
3682,-3,0,0,40,0,1,0
3683,-3,0,1,0,0,1,0
3684,-3,0,0,38,0,1,0
3685,-3,0,1,0,0,0,0
3686,-3,0,0,30,0,1,0
3687,-3,0,0,35,0,0,0
3688,-3,0,0,36,0,1,0
3689,-3,0,0,30,0,1,0
3690,-3,0,0,50,0,1,0
3691,-3,0,0,32,0,1,0
3692,-3,0,0,54,0,0,0
3693,-3,0,1,20,0,1,0
3694,-3,0,0,55,0,1,0
3695,-3,0,0,53,0,1,0
3696,-3,0,0,44,0,1,0
3697,-3,0,1,5,0,1,0
3698,-3,0,0,40,0,1,0
3699,-3,0,0,40,0,0,0
3700,-3,0,-3,51,0,1,0
3701,-3,0,-3,35,0,1,0
3702,-3,0,-3,45,0,1,0
3703,-3,0,1,0,0,1,0
3704,-3,0,1,10,0,1,0
3705,-3,0,0,45,0,1,0
3706,-3,0,0,35,0,1,0
3707,-3,0,-3,40,0,0,0
3708,-3,0,0,30,0,1,0
3709,-3,0,0,40,0,0,0
3710,-3,0,0,59,0,1,0
3711,-3,0,0,35,0,1,0
3712,-3,0,0,45,0,0,0
3713,-3,0,0,55,0,1,0
3714,-3,0,0,50,0,1,0
3715,-3,0,0,45,0,1,0
3716,-3,0,-3,55,0,1,0
3717,-3,0,0,45,0,1,0
3718,-3,0,0,30,0,1,0
3719,-3,0,0,50,0,1,0
3720,-3,0,0,40,0,1,0
3721,-3,0,1,30,0,1,0
3722,-3,0,0,25,0,1,0
3723,-3,0,0,45,0,1,0
3724,-3,0,0,58,0,1,0
3725,-3,0,0,45,0,1,0
3726,-3,0,0,45,0,1,0
3727,-3,0,0,30,0,1,0
3728,-3,0,0,30,0,1,0
3729,-3,0,1,10,0,1,0
3730,-3,0,0,47,0,1,0
3731,-3,0,0,30,0,1,0
3732,-3,0,0,40,0,0,0
3733,-3,0,0,40,0,1,0
3734,-3,0,0,40,0,1,0
3735,-3,0,-3,-3,0,0,0
3736,-3,0,-3,36,0,0,0
3737,-3,0,0,55,0,1,0
3738,-3,0,-3,25,0,1,0
3739,-3,0,-3,40,0,1,0
3740,-3,0,-3,35,0,1,0
3741,-3,0,0,30,0,1,0
3742,-3,0,0,35,0,0,0
3743,-3,0,1,15,0,1,0
3744,-3,0,0,55,0,1,0
3745,-3,0,0,25,0,1,0
3746,-3,0,1,0,0,1,0
3747,-3,0,-3,45,0,1,0
3748,-3,0,0,49,0,1,0
3749,-3,0,0,40,0,1,0
3750,-3,0,0,45,0,0,0
3751,-3,0,0,30,0,1,0
3752,-3,0,0,50,0,1,0
3753,-3,0,0,45,0,1,0
3754,-3,0,0,40,0,1,0
3755,-3,0,-3,30,0,1,0
3756,-3,0,0,35,0,1,0
3757,-3,0,0,35,0,0,0
3758,-3,0,0,50,0,1,0
3759,-3,0,0,35,0,0,0
3760,-3,0,0,50,0,0,0
3761,-3,0,0,44,0,1,0
3762,-3,0,0,35,0,0,0
3763,-3,0,0,45,0,1,0
3764,-3,0,0,30,0,1,0
3765,-3,0,0,39,0,1,0
3766,-3,0,0,55,0,1,0
3767,-3,0,-3,25,0,0,0
3768,-3,0,0,30,0,1,0
3769,-3,0,0,30,0,1,0
3770,-3,0,0,45,0,0,0
3771,-3,0,-3,32,0,1,0
3772,-3,0,0,30,0,1,0
3773,-3,0,0,40,0,1,0
3774,-3,0,0,44,0,0,0
3775,-3,0,0,45,0,1,0
3776,-3,0,-3,35,0,1,0
3777,-3,0,0,31,0,0,0
3778,-3,0,-3,55,0,0,0
3779,-3,0,0,56,0,1,0
3780,-3,0,0,40,0,1,0
3781,-3,0,-3,34,0,1,0
3782,-3,0,0,30,0,1,0
3783,-3,0,0,30,0,1,0
3784,-3,0,-3,30,0,1,0
3785,-3,0,1,0,0,1,0
3786,-3,0,-3,40,0,0,0
3787,-3,0,0,35,0,1,0
3788,-3,0,0,56,0,1,0
3789,-3,0,0,45,0,1,0
3790,-3,0,0,45,0,0,0
3791,-3,0,0,45,0,1,0
3792,-3,0,-3,-3,0,1,0
3793,-3,0,0,40,0,1,0
3794,-3,0,0,40,0,0,0
3795,-3,0,0,50,0,1,0
3796,-3,0,0,35,0,1,0
3797,-3,0,0,40,0,1,0
3798,-3,0,0,30,0,1,0
3799,-3,0,-3,-3,0,0,0
3800,-3,0,0,30,0,1,0
3801,-3,0,0,38,0,1,0
3802,-3,0,0,30,0,1,0
3803,-3,0,-3,33,0,1,0
3804,-3,0,0,35,0,1,0
3805,-3,0,0,44,0,1,0
3806,-3,0,0,40,0,1,0
3807,-3,0,0,40,0,1,0
3808,-3,0,0,42,0,1,0
3809,-3,0,0,25,0,1,0
3810,-3,0,0,35,0,1,0
3811,-3,0,1,30,0,1,0
3812,-3,0,0,45,0,0,0
3813,-3,0,0,30,0,0,0
3814,-3,0,-3,35,0,1,0
3815,-3,0,0,40,0,1,0
3816,-3,0,0,20,0,1,0
3817,-3,0,0,30,0,1,0
3818,-3,0,0,37,0,1,0
3819,-3,0,1,2,0,1,0
3820,-3,0,0,45,0,1,0
3821,-3,0,0,30,0,1,0
3822,-3,0,0,40,0,1,0
3823,-3,0,0,30,0,0,0
3824,-3,0,0,30,0,1,0
3825,-3,0,0,45,0,1,0
3826,-3,0,0,34,0,1,0
3827,-3,0,1,2,0,0,0
3828,-3,0,0,40,0,1,0
3829,-3,0,0,30,0,1,0
3830,-3,0,0,25,0,0,0
3831,-3,0,0,50,0,1,0
3832,-3,0,0,35,0,1,0
3833,-3,0,0,30,0,1,0
3834,-3,0,0,30,0,0,0
3835,-3,0,0,45,0,1,0
3836,-3,0,-9,-9,0,-9,0
3837,-3,0,0,45,0,1,0
3838,-3,0,0,25,0,1,0
3839,-3,0,0,55,0,1,0
3840,-3,0,1,5,0,1,0
3841,-3,0,0,40,0,0,0
3842,-3,0,0,25,0,1,0
3843,-3,0,0,45,0,1,0
3844,-3,0,0,40,0,1,0
3845,-3,0,0,35,0,1,0
3846,-3,0,0,35,0,1,0
3847,-3,0,1,-3,0,0,0
3848,-3,0,0,35,0,1,0
3849,-3,0,0,40,0,1,0
3850,-3,0,0,35,0,0,0
3851,-3,0,0,40,0,1,0
3852,-3,0,0,40,0,1,0
3853,-3,0,1,15,0,1,0
3854,-3,0,0,45,0,0,0
3855,-3,0,0,30,0,1,0
3856,-3,0,0,30,0,1,0
3857,-3,0,0,50,0,1,0
3858,-3,0,0,50,0,0,0
3859,-3,0,0,55,0,1,0
3860,-3,0,0,36,0,1,0
3861,-3,0,0,25,0,0,0
3862,-3,0,0,30,0,1,0
3863,-3,0,0,40,0,1,0
3864,-3,0,-3,30,0,1,0
3865,-3,0,0,35,0,1,0
3866,-3,0,0,30,0,1,0
3867,-3,0,0,40,0,1,0
3868,-3,0,0,30,0,1,0
3869,-3,0,0,25,0,1,0
3870,-3,0,0,40,0,1,0
3871,-3,0,0,45,0,1,0
3872,-3,0,0,40,0,0,0
3873,-3,0,0,45,0,1,0
3874,-3,0,0,54,0,1,0
3875,-3,0,0,40,0,0,0
3876,-3,0,0,54,0,0,0
3877,-3,0,0,25,0,1,0
3878,-3,0,0,38,0,1,0
3879,-3,0,0,40,0,1,0
3880,-3,0,0,52,0,1,0
3881,-3,0,0,40,0,0,0
3882,-3,0,0,30,0,1,0
3883,-3,0,0,45,0,0,0
3884,-3,0,0,49,0,1,0
3885,-3,0,-3,39,0,1,0
3886,-3,0,0,42,0,1,0
3887,-3,0,-3,55,0,1,0
3888,-3,0,0,50,0,1,0
3889,-3,0,0,30,0,1,0
3890,-3,0,-3,30,0,1,0
3891,-3,0,0,54,0,0,0
3892,-3,0,-3,45,0,1,0
3893,-3,0,0,55,0,0,0
3894,-3,0,-3,40,0,1,0
3895,-3,0,0,40,0,1,0
3896,-3,0,0,30,0,1,0
3897,-3,0,-3,35,0,1,0
3898,-3,0,0,45,0,1,0
3899,-3,0,0,45,0,1,0
3900,-3,0,0,35,0,1,0
3901,-3,0,1,5,0,1,0
3902,-3,0,0,40,0,1,0
3903,-3,0,1,-3,0,1,0
3904,-3,0,0,35,0,1,0
3905,-3,0,0,58,0,1,0
3906,-3,0,0,30,0,1,0
3907,-3,0,0,45,0,1,0
3908,-3,0,0,35,0,1,0
3909,-3,0,-3,50,0,1,0
3910,-3,0,0,28,0,1,0
3911,-3,0,0,45,0,1,0
3912,-3,0,0,25,0,1,0
3913,-3,0,0,30,0,1,0
3914,-3,0,0,30,0,1,0
3915,-3,0,0,37,0,1,0
3916,-3,0,0,40,0,1,0
3917,-3,0,0,45,0,1,0
3918,-3,0,0,49,0,1,0
3919,-3,0,0,40,0,1,0
3920,-3,0,0,40,0,0,0
3921,-3,0,-3,35,0,1,0
3922,-3,0,1,0,0,0,0
3923,-3,0,0,35,0,0,0
3924,-3,0,-3,30,0,1,0
3925,-3,0,0,40,0,1,0
3926,-3,0,-3,30,0,1,0
3927,-3,0,-3,50,0,1,0
3928,-3,0,0,33,0,1,0
3929,-3,0,0,35,0,1,0
3930,-3,0,0,50,0,0,0
3931,-3,0,0,30,0,1,0
3932,-3,0,0,35,0,0,0
3933,-3,0,0,35,0,1,0
3934,-3,0,0,40,0,1,0
3935,-3,0,0,25,0,1,0
3936,-3,0,0,35,0,1,0
3937,-3,0,-3,35,0,1,0
3938,-3,0,0,30,0,1,0
3939,-3,0,0,37,0,1,0
3940,-3,0,0,43,0,0,0
3941,-3,0,0,55,0,1,0
3942,-3,0,0,45,0,1,0
3943,-3,0,0,53,0,0,0
3944,-3,0,0,45,0,1,0
3945,-3,0,0,45,0,1,0
3946,-3,0,0,45,0,1,0
3947,-3,0,0,35,0,1,0
3948,-3,0,0,35,0,0,0
3949,-3,0,-3,40,0,0,0
3950,-3,0,1,-3,0,0,0
3951,-3,0,-3,-3,0,1,0
3952,-3,0,1,20,0,0,0
3953,-3,0,0,40,0,1,0
3954,-3,0,-3,40,0,0,0
3955,-3,0,-3,-3,0,0,0
3956,-3,0,0,30,0,1,0
3957,-3,0,1,25,0,1,0
3958,-3,0,0,30,0,1,0
3959,-3,0,1,0,0,1,0
3960,-3,0,0,30,0,1,0
3961,-3,0,0,30,0,1,0
3962,-3,0,0,49,0,1,0
3963,-3,0,0,35,0,1,0
3964,-3,0,0,30,0,1,0
3965,-3,0,0,35,0,1,0
3966,-3,0,-3,20,0,1,0
3967,-3,0,0,25,0,1,0
3968,-3,0,0,44,0,1,0
3969,-3,0,0,40,0,1,0
3970,-3,0,0,30,0,1,0
3971,-3,0,0,40,0,1,0
3972,-3,0,0,38,0,1,0
3973,-3,0,0,40,0,1,0
3974,-3,0,0,29,0,1,0
3975,-3,0,0,30,0,1,0
3976,-3,0,0,42,0,1,0
3977,-3,0,0,35,0,1,0
3978,-3,0,-3,35,0,1,0
3979,-3,0,0,45,0,1,0
3980,-3,0,0,45,0,0,0
3981,-3,0,1,30,0,0,0
3982,-3,0,0,50,0,0,0
3983,-3,0,0,27,0,1,0
3984,-3,0,-3,-3,0,1,0
3985,-3,0,0,35,0,1,0
3986,-3,0,0,40,0,1,0
3987,-3,0,0,35,0,0,0
3988,-3,0,1,0,0,1,0
3989,-3,0,-3,32,0,1,0
3990,-3,0,0,40,0,1,0
3991,-3,0,0,30,0,1,0
3992,-3,0,-3,-3,0,1,0
3993,-3,0,0,55,0,1,0
3994,-3,0,0,33,0,1,0
3995,-3,0,0,45,0,0,0
3996,-3,0,-3,40,0,0,0
3997,-3,0,0,40,0,1,0
3998,-3,0,0,37,0,1,0
3999,-3,0,0,25,0,1,0
4000,-3,0,0,35,0,1,0
4001,-3,0,0,40,0,0,0
4002,-3,0,-3,55,0,1,0
4003,-3,0,-3,45,0,1,0
4004,-3,0,0,40,0,1,0
4005,-3,0,0,40,0,1,0
4006,-3,0,0,30,0,1,0
4007,-3,0,0,47,0,1,0
4008,-3,0,-3,45,0,1,0
4009,-3,0,0,40,0,1,0
4010,-3,0,-3,45,0,1,0
4011,-3,0,1,0,0,1,0
4012,-3,0,0,40,0,1,0
4013,-3,0,0,40,0,1,0
4014,-3,0,0,30,0,1,0
4015,-3,0,0,40,0,1,0
4016,-3,0,-3,30,0,1,0
4017,-3,0,1,20,0,1,0
4018,-3,0,0,35,0,0,0
4019,-3,0,1,5,0,0,0
4020,-3,0,0,30,0,1,0
4021,-3,0,-3,41,0,1,0
4022,-3,0,1,5,0,1,0
4023,-3,0,0,50,0,1,0
4024,-3,0,0,35,0,1,0
4025,-3,0,-3,30,0,1,0
4026,-3,0,0,45,0,0,0
4027,-3,0,0,35,0,0,0
4028,-3,0,0,45,0,1,0
4029,-3,0,-3,45,0,1,0
4030,-3,0,1,-3,0,0,0
4031,-3,0,0,35,0,0,0
4032,-3,0,-3,35,0,1,0
4033,-3,0,-3,40,0,1,0
4034,-3,0,0,28,0,1,0
4035,-3,0,-3,-3,0,1,0
4036,-3,0,0,40,0,1,0
4037,-3,0,0,25,0,1,0
4038,-3,0,1,-3,0,0,0
4039,-3,0,0,35,0,1,0
4040,-3,0,0,35,0,1,0
4041,-3,0,1,8,0,1,0
4042,-3,0,0,55,0,0,0
4043,-3,0,0,30,0,1,0
4044,-3,0,0,35,0,1,0
4045,-3,0,1,5,0,1,0
4046,-3,0,0,40,0,1,0
4047,-3,0,0,59,0,0,0
4048,-3,0,0,36,0,1,0
4049,-3,0,0,45,0,1,0
4050,-3,0,0,33,0,1,0
4051,-3,0,0,30,0,1,0
4052,-3,0,0,30,0,0,0
4053,-3,0,1,0,0,0,0
4054,-3,0,0,45,0,1,0
4055,-3,0,0,40,0,1,0
4056,-3,0,0,35,0,1,0
4057,-3,0,1,20,0,1,0
4058,-3,0,1,-3,0,1,0
4059,-3,0,0,35,0,1,0
4060,-3,0,0,40,0,1,0
4061,-3,0,1,5,0,1,0
4062,-3,0,0,45,0,1,0
4063,-3,0,-3,45,0,1,0
4064,-3,0,0,30,0,1,0
4065,-3,0,-3,40,0,1,0
4066,-3,0,0,50,0,1,0
4067,-3,0,0,35,0,1,0
4068,-3,0,0,35,0,1,0
4069,-3,0,0,35,0,1,0
4070,-3,0,0,30,0,1,0
4071,-3,0,0,40,0,1,0
4072,-3,0,1,25,0,0,0
4073,-3,0,0,50,0,1,0
4074,-3,0,0,45,0,1,0
4075,-3,0,1,0,0,1,0
4076,-3,0,0,35,0,1,0
4077,-3,0,0,30,0,1,0
4078,-3,0,0,48,0,1,0
4079,-3,0,0,35,0,1,0
4080,-3,0,0,45,0,1,0
4081,-3,0,0,45,0,1,0
4082,-3,0,0,33,0,1,0
4083,-3,0,-3,40,0,1,0
4084,-3,0,0,40,0,1,0
4085,-3,0,0,45,0,1,0
4086,-3,0,0,30,0,1,0
4087,-3,0,1,10,0,1,0
4088,-3,0,-3,22,0,1,0
4089,-3,0,0,32,0,1,0
4090,-3,0,0,30,0,1,0
4091,-3,0,0,40,0,0,0
4092,-3,0,0,30,0,0,0
4093,-3,0,0,50,0,1,0
4094,-3,0,0,34,0,1,0
4095,-3,0,0,46,0,1,0
4096,-3,0,0,39,0,1,0
4097,-3,0,1,10,0,1,0
4098,-3,0,0,25,0,0,0
4099,-3,0,0,35,0,1,0
4100,-3,0,0,55,0,0,0
4101,-3,0,0,45,0,1,0
4102,-3,0,0,40,0,1,0
4103,-3,0,0,30,0,1,0
4104,-3,0,0,35,0,1,0
4105,-3,0,0,50,0,1,0
4106,-3,0,1,30,0,1,0
4107,-3,0,0,35,0,1,0
4108,-3,0,1,20,0,1,0
4109,-3,0,0,40,0,1,0
4110,-3,0,0,45,0,0,0
4111,-3,0,0,40,0,0,0
4112,-3,0,0,40,0,1,0
4113,-3,0,0,45,0,1,0
4114,-3,0,0,40,0,1,0
4115,-3,0,0,45,0,1,0
4116,-3,0,0,58,0,0,0
4117,-3,0,0,37,0,1,0
4118,-3,0,0,35,0,1,0
4119,-3,0,-3,32,0,1,0
4120,-3,0,0,40,0,1,0
4121,-3,0,0,25,0,0,0
4122,-3,0,0,30,0,1,0
4123,-3,0,0,40,0,1,0
4124,-3,0,0,40,0,0,0
4125,-3,0,1,-3,0,1,0
4126,-3,0,0,30,0,0,0
4127,-3,0,-3,-3,0,1,0
4128,-3,0,0,35,0,1,0
4129,-3,0,0,45,0,1,0
4130,-3,0,0,27,0,1,0
4131,-3,0,0,32,0,1,0
4132,-3,0,0,35,0,0,0
4133,-3,0,0,35,0,1,0
4134,-3,0,-3,32,0,1,0
4135,-3,0,0,50,0,1,0
4136,-3,0,-3,38,0,1,0
4137,-3,0,1,40,0,1,0
4138,-3,0,1,0,0,0,0
4139,-3,0,0,30,0,1,0
4140,-3,0,0,50,0,1,0
4141,-3,0,0,40,0,1,0
4142,-3,0,0,55,0,1,0
4143,-3,0,0,40,0,1,0
4144,-3,0,0,30,0,0,0
4145,-3,0,-3,45,0,0,0
4146,-3,0,-3,45,0,1,0
4147,-3,0,0,45,0,1,0
4148,-3,0,0,30,0,1,0
4149,-3,0,0,55,0,1,0
4150,-3,0,-3,40,0,1,0
4151,-3,0,0,30,0,1,0
4152,-3,0,0,30,0,0,0
4153,-3,0,0,27,0,1,0
4154,-3,0,0,31,0,1,0
4155,-3,0,1,10,0,1,0
4156,-3,0,0,30,0,1,0
4157,-3,0,-3,40,0,1,0
4158,-3,0,0,45,0,0,0
4159,-3,0,0,30,0,1,0
4160,-3,0,0,42,0,1,0
4161,-3,0,-3,35,0,1,0
4162,-3,0,0,25,0,1,0
4163,-3,0,-3,35,0,1,0
4164,-3,0,-3,25,0,1,0
4165,-3,0,1,35,0,0,0
4166,-3,0,0,50,0,1,0
4167,-3,0,0,35,0,1,0
4168,-3,0,0,40,0,1,0
4169,-3,0,0,40,0,1,0
4170,-3,0,0,30,0,1,0
4171,-3,0,0,34,0,1,0
4172,-3,0,-3,35,0,1,0
4173,-3,0,0,48,0,1,0
4174,-3,0,0,35,0,0,0
4175,-3,0,0,25,0,1,0
4176,-3,0,0,25,0,0,0
4177,-3,0,0,45,0,1,0
4178,-3,0,0,50,0,1,0
4179,-3,0,0,35,0,1,0
4180,-3,0,0,35,0,1,0
4181,-3,0,0,30,0,0,0
4182,-3,0,0,50,0,1,0
4183,-3,0,0,30,0,0,0
4184,-3,0,0,40,0,0,0
4185,-3,0,0,40,0,1,0
4186,-3,0,1,5,0,1,0
4187,-3,0,0,30,0,1,0
4188,-3,0,0,35,0,1,0
4189,-3,0,-3,30,0,1,0
4190,-3,0,0,40,0,1,0
4191,-3,0,0,45,0,0,0
4192,-3,0,-3,30,0,0,0
4193,-3,0,0,30,0,1,0
4194,-3,0,0,30,0,1,0
4195,-3,0,-3,30,0,1,0
4196,-3,0,0,30,0,1,0
4197,-3,0,0,20,0,1,0
4198,-3,0,0,30,0,1,0
4199,-3,0,-3,32,0,1,0
4200,-3,0,-3,40,0,0,0
4201,-3,0,0,48,0,0,0
4202,-3,0,-3,30,0,0,0
4203,-3,0,0,35,0,0,0
4204,-3,0,-3,32,0,1,0
4205,-3,0,0,40,0,1,0
4206,-3,0,-3,25,0,1,0
4207,-3,0,0,40,0,1,0
4208,-3,0,0,36,0,1,0
4209,-3,0,0,40,0,1,0
4210,-3,0,-3,40,0,0,0
4211,-3,0,0,35,0,1,0
4212,-3,0,0,50,0,1,0
4213,-3,0,0,35,0,1,0
4214,-3,0,-3,30,0,1,0
4215,-3,0,0,26,0,1,0
4216,-3,0,0,30,0,1,0
4217,-3,0,0,30,0,0,0
4218,-3,0,0,35,0,0,0
4219,-3,0,1,5,0,1,0
4220,-3,0,0,15,0,1,0
4221,-3,0,0,25,0,1,0
4222,-3,0,0,40,0,1,0
4223,-3,0,-3,-3,0,1,0
4224,-3,0,0,25,0,0,0
4225,-3,0,0,25,0,1,0
4226,-3,0,0,35,0,1,0
4227,-3,0,0,55,0,1,0
4228,-3,0,-3,30,0,1,0
4229,-3,0,0,45,0,1,0
4230,-3,0,0,45,0,1,0
4231,-3,0,0,49,0,0,0
4232,-3,0,-3,55,0,1,0
4233,-3,0,1,15,0,1,0
4234,-3,0,0,40,0,1,0
4235,-3,0,0,40,0,1,0
4236,-3,0,0,50,0,1,0
4237,-3,0,0,40,0,1,0
4238,-3,0,0,40,0,0,0
4239,-3,0,0,40,0,1,0