challengeID,gpa,grit,materialHardship,eviction,layoff,jobTraining
2,3.35,3.03125,0.1545454545454546,0,0,0
4,3.2954545454545454,3.6363636363636362,0.02479338842975208,0,0,0
11,3.325,2.46875,0.0545454545454546,0,0,0
15,3.477272727272727,2.90625,0.04958677685950417,0,0,0
17,3.5,2.7222222222222223,0.12396694214876042,0,0,0
19,NA,NA,NA,1,1,1
21,3.525,2.7857142857142856,0.11570247933884308,0,0,0
22,3.4318181818181817,3.2777777777777777,0.008264462809917354,0,0,0
25,NA,NA,NA,1,1,1
26,3.3863636363636362,2.361111111111111,0.18181818181818185,0,0,0
29,3.3,3.0833333333333335,0.10000000000000005,0,0,1
32,3.35,2.9285714285714284,0.12396694214876035,0,0,0
34,3.3214285714285716,2.25,0.22077922077922082,0,0,0
38,NA,NA,NA,1,1,1
41,NA,NA,NA,1,1,1
48,3.025,2.5625,0.17272727272727287,0,0,0
50,3.45,2.75,0.1272727272727273,0,0,0
51,3.45,3.46875,0.00909090909090909,0,0,0
59,NA,NA,NA,1,1,1
65,3.5,2.75,0.101010101010101,0,0,0
68,NA,NA,NA,1,1,1
71,NA,NA,NA,1,1,1
74,3.361111111111111,3.1785714285714284,0.08080808080808087,0,0,0
77,3.5,2.7142857142857144,0.00909090909090909,0,0,0
78,3.3863636363636362,3.525,0.02479338842975209,0,0,0
82,3.45,2.9444444444444446,0.03636363636363639,0,0,0
86,3.625,3.05,0.08181818181818187,0,0,0
89,3.8125,3.09375,0.030303030303030318,0,0,0
95,3.4318181818181817,2.625,0.09917355371900825,0,0,0
96,3.5,3.5,0.0,0,0,0
99,NA,NA,NA,1,1,1
100,3.361111111111111,3.3214285714285716,0.05050505050505055,0,0,0
105,3.4,2.8055555555555554,0.02727272727272729,0,0,0
108,3.5,2.5833333333333335,0.07070707070707077,0,0,0
112,3.2777777777777777,2.7857142857142856,0.2121212121212122,0,0,0
113,3.6785714285714284,2.9285714285714284,0.03409090909090911,0,1,0
114,3.388888888888889,3.2222222222222223,0.0,0,0,0
115,3.477272727272727,3.4444444444444446,0.0,0,0,0
116,3.45,3.25,0.045454545454545484,0,0,0
117,3.6,2.75,0.11570247933884308,0,0,0
118,3.3125,2.5,0.1181818181818183,0,0,0
121,3.475,2.6666666666666665,0.11818181818181817,0,0,0
128,3.625,3.35,0.10000000000000009,0,0,0
130,NA,NA,NA,1,1,1
132,3.2954545454545454,2.725,0.13223140495867777,0,0,0
133,NA,NA,NA,1,1,1
134,3.275,2.6666666666666665,0.15151515151515152,0,0,0
136,3.275,3.225,0.0545454545454546,0,0,0
139,3.409090909090909,3.642857142857143,0.008264462809917354,0,0,0
140,3.3181818181818183,3.6,0.0,0,0,0
141,3.25,3.090909090909091,0.03305785123966944,0,0,0
142,3.475,3.0277777777777777,0.0,0,0,1
144,NA,NA,NA,1,1,1
147,NA,NA,NA,1,1,1
149,3.522727272727273,3.375,0.0,0,0,0
151,NA,NA,NA,1,1,1
154,3.5681818181818183,2.5833333333333335,0.12396694214876035,0,0,0
156,3.1,2.375,0.17355371900826463,0,0,0
158,3.625,3.0625,0.13636363636363638,0,0,0
159,3.6875,2.642857142857143,0.03409090909090912,0,0,0
160,3.4545454545454546,2.8863636363636362,0.12396694214876035,0,0,0
161,NA,NA,NA,1,1,1
164,3.477272727272727,3.477272727272727,0.0,0,0,0
166,3.4166666666666665,2.6875,0.0202020202020202,0,0,0
169,3.3636363636363638,2.625,0.1322314049586778,0,0,0
175,3.3181818181818183,3.2777777777777777,0.0181818181818182,0,0,0
177,3.65625,2.35,0.12499999999999999,0,0,0
179,3.375,2.875,0.011363636363636362,0,0,1
180,NA,NA,NA,1,1,1
181,3.375,3.025,0.08181818181818189,0,0,0
186,NA,NA,NA,1,1,1
191,3.25,3.0,0.07272727272727278,0,0,0
194,3.675,2.8214285714285716,0.11570247933884308,0,0,0
197,3.3863636363636362,3.0,0.05785123966942154,0,0,0
200,3.4,2.6666666666666665,0.090909090909091,0,0,0
202,3.5833333333333335,2.25,0.1616161616161617,0,0,0
206,3.590909090909091,2.975,0.07438016528925616,0,0,0
211,3.6666666666666665,2.75,0.07272727272727278,0,0,0
212,NA,NA,NA,1,1,1
213,3.325,2.95,0.02727272727272729,0,0,0
214,NA,NA,NA,1,1,1
216,3.7777777777777777,3.0,0.14141414141414144,0,1,0
220,NA,NA,NA,1,1,1
226,NA,NA,NA,1,1,1
228,3.525,2.6785714285714284,0.036363636363636376,0,0,0
229,3.477272727272727,3.361111111111111,0.008264462809917354,0,0,0
231,3.5,3.4318181818181817,0.0,0,0,0
239,NA,NA,NA,1,1,1
240,3.25,3.55,0.0,0,0,0
243,NA,NA,NA,1,1,1
244,NA,NA,NA,1,1,1
245,3.522727272727273,3.03125,0.02479338842975208,0,0,0
246,3.477272727272727,3.5277777777777777,0.0,0,0,0
250,3.388888888888889,2.5625,0.08080808080808088,0,0,0
252,3.65625,2.78125,0.181818181818182,0,0,0
253,NA,NA,NA,1,1,1
255,3.525,3.5,0.0,0,0,0
260,NA,NA,NA,1,1,1
261,3.5,3.25,0.02727272727272727,0,0,0
264,3.6785714285714284,2.9583333333333335,0.10389610389610397,0,0,0
267,3.522727272727273,2.888888888888889,0.008264462809917354,0,0,0
268,3.4444444444444446,3.0625,0.11111111111111122,0,0,0
269,3.325,3.375,0.0454545454545455,0,0,0
270,3.2,3.40625,0.01818181818181818,0,0,0
274,3.475,2.8333333333333335,0.0991735537190083,0,0,0
276,3.25,3.05,0.090909090909091,0,0,0
277,3.6,3.0555555555555554,0.02727272727272729,0,0,0
280,NA,NA,NA,1,1,1
284,3.4318181818181817,3.325,0.0,0,0,0
286,3.7222222222222223,2.7777777777777777,0.0818181818181819,0,0,0
290,3.409090909090909,3.59375,0.0,0,0,0
293,3.55,2.888888888888889,0.07272727272727278,0,0,0
294,3.46875,3.03125,0.03409090909090911,0,0,0
296,3.7045454545454546,3.46875,0.0,0,0,0
303,3.4166666666666665,3.21875,0.11111111111111119,0,0,0
308,NA,NA,NA,1,1,1
312,3.4722222222222223,2.96875,0.09090909090909098,0,0,0
316,NA,NA,NA,1,1,1
319,3.75,3.75,0.0,0,0,1
320,NA,NA,NA,1,1,1
322,3.477272727272727,3.15,0.03305785123966945,0,0,0
327,3.375,3.125,0.10909090909090917,0,0,0
328,3.275,2.675,0.09917355371900834,0,0,0
329,3.5454545454545454,2.9444444444444446,0.09917355371900832,0,0,0
336,NA,NA,NA,1,1,1
337,3.15,2.65625,0.18181818181818196,0,0,0
345,3.7,2.6666666666666665,0.13636363636363644,0,0,0
349,3.1944444444444446,2.65,0.09090909090909097,0,0,0
350,3.3863636363636362,2.59375,0.11570247933884303,0,0,0
351,NA,NA,NA,1,1,1
353,3.3863636363636362,3.375,0.03305785123966944,0,0,0
354,3.6666666666666665,3.1666666666666665,0.0,0,1,0
358,3.4166666666666665,2.75,0.03305785123966943,0,0,0
360,3.475,2.71875,0.06363636363636369,0,0,0
361,NA,NA,NA,1,1,1
362,3.4545454545454546,3.5,0.0,0,0,0
363,3.477272727272727,3.25,0.02727272727272729,0,0,0
364,3.5,3.15,0.045454545454545484,0,0,0
370,3.4166666666666665,2.5625,0.12727272727272737,0,0,0
371,NA,NA,NA,1,1,1
374,3.5277777777777777,3.40625,0.01818181818181818,0,0,0
375,3.4,3.0,0.050505050505050525,0,0,0
381,3.4583333333333335,3.7,0.025974025974025972,0,0,0
383,3.5,3.2,0.008264462809917354,0,0,1
384,3.3055555555555554,2.3214285714285716,0.0101010101010101,0,0,0
387,NA,NA,NA,1,1,1
390,NA,NA,NA,1,1,1
392,3.325,3.5625,0.016528925619834725,0,0,0
395,3.525,2.9722222222222223,0.05454545454545455,0,0,0
398,NA,NA,NA,1,1,1
400,NA,NA,NA,1,1,1
402,NA,NA,NA,1,1,1
404,3.1944444444444446,3.09375,0.05050505050505054,0,0,0
412,3.175,3.03125,0.00909090909090909,0,0,0
414,3.5454545454545454,3.15625,0.11570247933884305,0,0,0
415,3.225,3.2222222222222223,0.0181818181818182,0,0,0
416,3.477272727272727,3.361111111111111,0.008264462809917354,0,0,0
418,3.638888888888889,2.642857142857143,0.05050505050505055,0,0,0
419,3.28125,2.6785714285714284,0.11363636363636373,0,0,0
420,3.7,2.475,0.10909090909090909,0,0,0
431,3.409090909090909,3.6785714285714284,0.0,0,0,0
433,NA,NA,NA,1,1,1
438,3.5454545454545454,2.75,0.17355371900826452,0,0,0
444,3.75,2.85,0.0661157024793389,0,0,0
446,NA,NA,NA,1,1,1
451,3.4,3.0555555555555554,0.05454545454545458,0,0,0
452,3.55,2.925,0.06363636363636369,0,0,0
456,NA,NA,NA,1,1,1
457,3.375,2.75,0.045454545454545484,0,0,0
460,3.25,2.6875,0.08264462809917363,0,0,0
461,3.5454545454545454,3.625,0.0,0,0,0
467,3.6785714285714284,3.3333333333333335,0.060606060606060615,0,0,0
468,NA,NA,NA,1,1,1
469,3.272727272727273,2.9318181818181817,0.07438016528925627,0,0,0
472,3.375,2.7142857142857144,0.11111111111111119,0,0,0
473,3.2222222222222223,2.8055555555555554,0.07438016528925627,0,0,0
476,3.75,2.9285714285714284,0.1010101010101011,0,0,0
479,3.611111111111111,3.0357142857142856,0.07070707070707077,0,0,0
483,NA,NA,NA,1,1,1
486,3.225,2.8125,0.090909090909091,0,0,0
488,3.6363636363636362,2.5833333333333335,0.07438016528925624,0,0,0
491,3.3863636363636362,3.4,0.04132231404958681,0,0,0
494,NA,NA,NA,1,1,1
495,NA,NA,NA,1,1,1
500,NA,NA,NA,1,1,1
503,3.4,3.275,0.0,0,0,0
504,3.28125,2.857142857142857,0.09090909090909097,0,0,0
506,3.4166666666666665,2.642857142857143,0.11818181818181828,0,0,0
512,3.275,2.96875,0.10000000000000006,0,0,0
516,3.46875,2.4166666666666665,0.03409090909090909,0,0,1
518,3.590909090909091,3.475,0.0,0,0,0
519,3.659090909090909,2.4166666666666665,0.07438016528925624,0,0,0
523,3.375,2.5,0.11363636363636373,0,0,0
526,3.3863636363636362,3.611111111111111,0.0,0,0,0
527,3.1136363636363638,3.05,0.11570247933884295,0,0,0
531,3.392857142857143,2.9285714285714284,0.025974025974025972,0,0,0
537,NA,NA,NA,1,1,1
538,3.522727272727273,3.45,0.04958677685950415,0,0,0
539,3.638888888888889,3.0625,0.03030303030303033,0,0,1
541,3.475,3.5357142857142856,0.0,0,0,0
543,2.25,2.5,0.363636363636364,0,0,0
544,3.6875,2.625,0.15909090909090898,0,1,1
545,3.2777777777777777,3.1785714285714284,0.02727272727272729,0,0,0
549,3.1944444444444446,3.09375,0.05050505050505054,0,0,0
550,3.0625,2.4642857142857144,0.1590909090909092,0,0,0
552,4.0,3.25,0.0,0,0,0
553,NA,NA,NA,1,1,1
554,NA,NA,NA,1,1,1
556,3.4722222222222223,2.78125,0.09090909090909098,0,0,0
558,3.388888888888889,2.8125,0.1272727272727273,0,0,0
560,NA,NA,NA,1,1,1
566,NA,NA,NA,1,1,1
567,3.375,3.34375,0.14049586776859516,0,0,1
569,NA,NA,NA,1,1,1
570,3.275,2.9444444444444446,0.04958677685950417,0,0,0
571,3.4166666666666665,2.8125,0.05681818181818183,0,0,0
583,3.3863636363636362,2.90625,0.05785123966942154,0,0,0
593,3.227272727272727,3.4722222222222223,0.02479338842975209,0,0,0
595,3.3636363636363638,2.875,0.05785123966942154,0,0,0
597,3.638888888888889,2.9722222222222223,0.02727272727272729,0,0,0
600,3.5454545454545454,3.0,0.09917355371900836,0,0,0
603,NA,NA,NA,1,1,1
605,3.477272727272727,3.5555555555555554,0.0,0,0,0
607,NA,NA,NA,1,1,1
611,3.522727272727273,3.388888888888889,0.0,0,0,0
613,3.5,2.875,0.03636363636363639,0,0,0
615,3.2954545454545454,3.4722222222222223,0.008264462809917354,0,0,0
619,NA,NA,NA,1,1,1
621,3.5681818181818183,2.875,0.12396694214876032,0,0,0
623,3.575,2.6875,0.054545454545454584,0,0,0
625,NA,NA,NA,1,1,1
626,3.625,2.4722222222222223,0.10000000000000009,0,0,0
629,NA,NA,NA,1,1,1
630,3.5625,2.8333333333333335,0.05681818181818181,0,0,0
632,NA,NA,NA,1,1,1
634,NA,NA,NA,1,1,1
638,3.611111111111111,2.96875,0.06363636363636369,0,0,0
640,3.477272727272727,2.84375,0.0661157024793389,0,0,0
642,3.4318181818181817,2.9722222222222223,0.04958677685950418,0,0,0
649,3.590909090909091,2.78125,0.13223140495867772,0,0,0
650,NA,NA,NA,1,1,1
657,3.590909090909091,2.7954545454545454,0.17355371900826452,0,0,0
658,3.5454545454545454,3.2777777777777777,0.06611570247933882,0,0,0
662,3.4318181818181817,3.075,0.0661157024793389,0,0,0
663,3.725,3.05,0.02727272727272727,0,0,0
665,3.3055555555555554,2.2142857142857144,0.1313131313131314,0,0,0
672,NA,NA,NA,1,1,1
674,4.0,3.0,0.0,0,0,1
675,3.35,2.625,0.09999999999999998,0,0,0
677,3.25,2.84375,0.0,0,0,0
679,NA,NA,NA,1,1,1
681,3.3181818181818183,3.25,0.10909090909090906,0,0,0
682,3.477272727272727,3.275,0.04132231404958681,0,0,0
689,3.340909090909091,2.75,0.07438016528925617,0,0,0
691,3.1944444444444446,2.875,0.01818181818181818,0,0,0
692,NA,NA,NA,1,1,1
694,3.4545454545454546,3.59375,0.0,0,0,0
697,NA,NA,NA,1,1,1
699,3.1363636363636362,3.1875,0.11570247933884308,0,0,0
702,3.2045454545454546,3.3214285714285716,0.0,0,0,0
705,3.425,3.03125,0.08264462809917363,0,0,0
706,NA,NA,NA,1,1,1
709,3.5681818181818183,3.611111111111111,0.0,0,0,0
710,3.6944444444444446,3.2142857142857144,0.13636363636363633,0,0,0
711,3.6818181818181817,2.888888888888889,0.090909090909091,0,0,0
716,3.409090909090909,2.46875,0.1322314049586777,0,0,0
718,3.477272727272727,2.9375,0.0661157024793389,0,0,0
721,3.340909090909091,2.425,0.17355371900826455,0,0,0
722,3.5,2.8055555555555554,0.06363636363636367,0,0,0
723,NA,NA,NA,1,1,1
724,3.5833333333333335,3.125,0.0606060606060606,0,0,0
735,3.35,2.59375,0.0661157024793389,0,0,0
736,NA,NA,NA,1,1,1
737,NA,NA,NA,1,1,1
739,3.090909090909091,3.275,0.02479338842975208,0,0,0
741,NA,NA,NA,1,1,1
742,NA,NA,NA,1,1,1
745,NA,NA,NA,1,1,1
747,3.5454545454545454,2.3863636363636362,0.16528925619834725,0,0,0
749,3.575,2.9444444444444446,0.0818181818181819,0,0,0
752,3.65,2.875,0.08181818181818187,0,0,0
753,NA,NA,NA,1,1,1
756,NA,NA,NA,1,1,1
757,3.477272727272727,2.888888888888889,0.06611570247933887,0,0,0
765,3.4,3.0714285714285716,0.0,0,0,0
767,NA,NA,NA,1,1,1
768,3.5,3.3214285714285716,0.0,0,0,0
769,3.3863636363636362,3.125,0.008264462809917354,0,0,0
770,3.4318181818181817,3.125,0.016528925619834708,0,0,0
771,3.522727272727273,3.325,0.024793388429752063,0,0,1
773,3.4,2.857142857142857,0.1545454545454546,0,0,0
774,3.090909090909091,3.34375,0.05785123966942154,0,0,0
777,3.25,2.642857142857143,0.1636363636363637,0,0,0
780,3.5833333333333335,2.75,0.09090909090909097,0,0,0
784,3.4545454545454546,2.8125,0.08264462809917363,0,0,0
786,3.375,3.5,0.10606060606060615,0,0,0
787,3.5,2.75,0.11363636363636372,0,1,1
788,3.5,NA,0.0,0,0,0
789,3.409090909090909,2.392857142857143,0.08264462809917363,0,0,0
792,3.475,2.861111111111111,0.1454545454545455,0,0,0
802,3.35,2.96875,0.09090909090909087,0,0,0
804,3.409090909090909,3.1666666666666665,0.05785123966942152,0,0,0
810,3.3055555555555554,2.875,0.07272727272727278,0,0,1
815,3.525,2.875,0.06363636363636369,0,0,0
818,3.5357142857142856,3.142857142857143,0.05681818181818187,0,0,0
821,3.4545454545454546,3.522727272727273,0.03305785123966944,0,0,1
826,3.638888888888889,2.84375,0.05454545454545458,0,0,0
827,NA,NA,NA,1,1,1
832,NA,NA,NA,1,1,1
836,NA,NA,NA,1,1,1
838,3.5833333333333335,3.138888888888889,0.0,0,0,0
839,3.46875,2.5416666666666665,0.02272727272727275,0,0,0
844,NA,NA,NA,1,1,1
845,3.340909090909091,3.225,0.008264462809917354,0,0,1
850,3.5,2.95,0.11570247933884305,0,0,0
851,3.4444444444444446,3.0833333333333335,0.14141414141414144,0,0,0
853,3.522727272727273,3.2,0.03305785123966943,0,0,0
857,3.7,2.6666666666666665,0.06363636363636364,0,0,0
864,3.477272727272727,3.225,0.03636363636363639,0,0,0
867,3.425,3.0833333333333335,0.18181818181818188,0,0,0
868,3.375,2.4583333333333335,0.0181818181818182,0,0,0
873,3.425,2.7857142857142856,0.11570247933884308,0,0,0
875,3.5,2.75,0.0,0,1,1
878,NA,NA,NA,1,1,1
880,3.7045454545454546,3.0833333333333335,0.11570247933884308,0,0,0
881,3.3181818181818183,2.78125,0.10743801652892561,0,0,0
883,NA,NA,NA,1,1,1
884,NA,NA,NA,1,1,1
888,3.375,3.5625,0.06493506493506498,0,0,0
890,NA,NA,NA,1,1,1
891,3.6666666666666665,2.6666666666666665,0.13131313131313144,0,0,0
895,3.5454545454545454,3.1363636363636362,0.06611570247933889,0,0,0
896,3.522727272727273,2.75,0.11570247933884299,0,0,0
898,3.3181818181818183,2.9444444444444446,0.04958677685950416,0,0,1
902,NA,NA,NA,1,1,1
903,3.525,3.175,0.054545454545454584,0,0,0
906,3.409090909090909,3.5555555555555554,0.04132231404958681,0,0,0
910,3.4166666666666665,3.25,0.27272727272727265,0,1,1
913,3.5,2.8333333333333335,0.08264462809917358,0,0,0
915,NA,NA,NA,1,1,1
916,3.5,2.3333333333333335,0.09090909090909097,0,0,0
919,3.375,2.8125,0.0454545454545455,0,0,0
921,3.3863636363636362,3.3333333333333335,0.03305785123966944,0,0,1
923,NA,NA,NA,1,1,1
926,3.5,3.107142857142857,0.0,0,0,0
927,3.4318181818181817,3.2857142857142856,0.0,0,0,0
930,3.340909090909091,2.75,0.09917355371900834,0,0,0
932,3.6,2.375,0.0661157024793389,0,0,0
934,3.475,2.8125,0.08181818181818189,0,0,0
937,3.65,3.0,0.07438016528925627,0,0,0
938,NA,NA,NA,1,1,1
940,3.55,2.85,0.05785123966942152,0,0,0
944,3.3055555555555554,2.607142857142857,0.11818181818181828,0,0,0
946,3.2777777777777777,3.0625,0.10101010101010109,0,0,0
949,3.325,2.71875,0.06363636363636367,0,0,0
957,3.5,2.9285714285714284,0.045454545454545484,0,0,0
960,NA,NA,NA,1,1,1
964,NA,NA,NA,1,1,1
969,3.4285714285714284,2.6875,0.142857142857143,0,0,0
970,3.675,3.1875,0.12727272727272737,0,0,1
973,3.75,3.15625,0.12727272727272737,0,0,0
974,3.8333333333333335,2.9,0.12121212121212133,0,1,0
977,3.3863636363636362,3.0555555555555554,0.02479338842975208,0,0,0
978,3.477272727272727,3.4,0.0,0,0,0
984,3.475,2.75,0.12396694214876042,0,0,0
985,NA,NA,NA,1,1,1
987,3.35,2.625,0.04040404040404043,0,0,0
988,3.25,2.625,0.19318181818181823,0,0,0
989,3.477272727272727,3.3055555555555554,0.0,0,0,0
992,3.5277777777777777,2.625,0.0,0,0,0
997,3.5833333333333335,3.7,0.06060606060606066,0,0,0
999,3.6,3.375,0.00909090909090909,0,0,0
1001,NA,NA,NA,1,1,1
1009,NA,NA,NA,1,1,1
1015,3.25,2.5833333333333335,0.14876033057851254,0,0,0
1016,3.6,3.1666666666666665,0.08080808080808087,0,0,0
1020,3.3636363636363638,3.09375,0.05785123966942154,0,0,0
1021,3.425,2.65625,0.04958677685950417,0,0,0
1022,3.625,3.03125,0.06363636363636369,0,0,0
1027,NA,NA,NA,1,1,1
1030,3.175,2.525,0.20000000000000018,0,0,0
1031,3.4318181818181817,3.09375,0.08264462809917353,0,0,0
1036,3.4642857142857144,3.5,0.051948051948052,0,0,0
1037,3.409090909090909,3.275,0.0661157024793389,0,0,0
1038,3.6,2.7,0.08181818181818187,0,0,0
1040,NA,NA,NA,1,1,1
1046,3.675,2.775,0.07272727272727274,0,0,0
1047,NA,NA,NA,1,1,1
1051,3.2954545454545454,3.3214285714285716,0.016528925619834725,0,0,0
1054,3.4722222222222223,2.4583333333333335,0.0101010101010101,0,0,0
1056,3.725,3.175,0.00909090909090909,0,0,0
1057,3.525,2.861111111111111,0.11818181818181817,0,1,0
1058,3.5681818181818183,3.0833333333333335,0.02479338842975208,0,0,0
1061,3.3636363636363638,3.5833333333333335,0.0,0,0,0
1063,3.159090909090909,2.46875,0.11570247933884305,0,0,0
1068,3.55,2.9722222222222223,0.016528925619834708,0,0,0
1073,3.55,2.59375,0.1181818181818183,0,0,0
1074,3.409090909090909,3.425,0.0,0,0,0
1075,3.46875,2.25,0.040404040404040414,0,0,0
1078,3.5,2.75,0.17171717171717182,0,0,0
1080,3.2777777777777777,2.5833333333333335,0.19191919191919207,0,0,0
1082,3.275,2.5833333333333335,0.07272727272727278,0,0,0
1083,NA,NA,NA,1,1,1
1084,3.3181818181818183,2.84375,0.02479338842975208,0,0,0
1086,3.772727272727273,3.35,0.04132231404958681,0,0,0
1088,3.35,3.1875,0.0661157024793389,0,0,0
1089,3.272727272727273,3.46875,0.0,0,0,0
1093,3.375,2.5,0.10389610389610385,0,0,0
1094,3.840909090909091,3.4722222222222223,0.03305785123966944,0,0,0
1096,NA,NA,NA,1,1,1
1099,NA,NA,NA,1,1,1
1100,NA,NA,NA,1,1,1
1101,3.4318181818181817,2.5625,0.04958677685950417,0,0,0
1109,3.525,3.34375,0.0181818181818182,0,0,0
1111,3.425,2.7777777777777777,0.1454545454545456,0,0,0
1112,3.45,3.2,0.09090909090909097,0,0,0
1116,3.5681818181818183,3.5,0.0,0,0,0
1117,3.409090909090909,2.6,0.12396694214876042,0,0,0
1120,3.1363636363636362,3.5,0.008264462809917354,0,0,0
1121,3.5,3.4444444444444446,0.0,0,0,0
1126,3.857142857142857,3.125,0.06493506493506498,0,0,0
1127,NA,NA,NA,1,1,1
1131,3.3636363636363638,2.8,0.09090909090909097,0,0,0
1132,3.477272727272727,3.4166666666666665,0.07438016528925626,0,0,0
1136,3.388888888888889,3.5,0.016528925619834708,0,0,0
1137,3.5277777777777777,2.875,0.060606060606060635,0,0,0
1141,3.2954545454545454,2.5555555555555554,0.041322314049586785,0,0,0
1142,3.2083333333333335,3.5,0.03409090909090909,0,0,0
1148,NA,NA,NA,1,1,1
1150,3.3863636363636362,3.1875,0.08264462809917353,0,0,0
1151,3.375,2.78125,0.1322314049586778,0,0,0
1156,3.5,3.8125,0.0,0,0,0
1158,3.638888888888889,2.5277777777777777,0.24242424242424254,0,0,0
1162,3.4545454545454546,2.892857142857143,0.0661157024793389,0,0,0
1165,3.6,2.875,0.11818181818181814,0,0,0
1168,3.575,3.0555555555555554,0.0545454545454546,0,0,0
1170,3.125,2.25,0.0,0,0,0
1175,3.5625,2.8333333333333335,0.10227272727272736,0,0,0
1182,3.725,2.8333333333333335,0.033057851239669415,0,0,0
1186,3.5681818181818183,3.625,0.0,0,0,0
1187,3.522727272727273,3.525,0.0,0,0,0
1188,3.409090909090909,3.25,0.008264462809917354,0,0,1
1190,3.3636363636363638,3.388888888888889,0.0,0,0,0
1191,3.6818181818181817,2.9545454545454546,0.057851239669421524,0,0,0
1192,3.638888888888889,2.642857142857143,0.05050505050505055,0,0,0
1197,3.575,2.357142857142857,0.10909090909090917,0,0,0
1199,NA,NA,NA,1,1,1
1201,3.425,3.03125,0.08264462809917351,0,0,0
1202,3.638888888888889,2.642857142857143,0.05050505050505055,0,0,0
1203,3.425,2.8125,0.09090909090909098,0,0,0
1208,3.3,2.9375,0.09999999999999999,0,0,0
1210,3.425,2.96875,0.0363636363636364,0,0,0
1213,3.409090909090909,3.0357142857142856,0.10743801652892562,0,0,0
1216,3.5454545454545454,3.4318181818181817,0.02479338842975209,0,0,1
1217,3.2,2.9285714285714284,0.10000000000000009,0,0,0
1218,NA,NA,NA,1,1,1
1221,3.125,3.0,0.0,0,0,0
1224,3.522727272727273,3.25,0.0,0,0,0
1227,NA,NA,NA,1,1,1
1233,3.375,2.9375,0.090909090909091,0,0,0
1235,3.125,2.25,0.12727272727272734,0,0,0
1236,3.3333333333333335,3.09375,0.09090909090909098,0,0,0
1239,3.3636363636363638,2.8333333333333335,0.036363636363636376,0,0,0
1240,3.6136363636363638,3.5,0.0,0,0,0
1243,NA,NA,NA,1,1,1
1244,3.5454545454545454,3.227272727272727,0.03636363636363636,0,0,0
1245,3.4318181818181817,2.8333333333333335,0.17355371900826466,0,0,1
1249,NA,NA,NA,1,1,1
1260,3.2954545454545454,2.8125,0.16528925619834703,0,0,0
1261,3.659090909090909,2.75,0.016528925619834708,0,0,0
1263,NA,NA,NA,1,1,1
1267,NA,NA,NA,1,1,1
1269,NA,NA,NA,1,1,1
1270,3.6363636363636362,3.3636363636363638,0.00909090909090909,0,0,0
1273,NA,NA,NA,1,1,1
1274,3.6,2.888888888888889,0.08181818181818187,0,0,0
1278,NA,NA,NA,1,1,1
1281,3.4318181818181817,2.8181818181818183,0.06363636363636367,0,0,0
1285,NA,NA,NA,1,1,1
1287,3.7222222222222223,3.125,0.21212121212121232,0,0,0
1290,3.5681818181818183,2.7222222222222223,0.15702479338842987,0,0,0
1292,3.409090909090909,3.35,0.024793388429752063,0,0,0
1293,NA,NA,NA,1,1,1
1294,NA,NA,NA,1,1,1
1295,NA,NA,NA,1,1,1
1296,3.35,3.0,0.06060606060606064,0,0,0
1299,3.75,2.84375,0.07070707070707077,0,0,0
1309,3.6363636363636362,2.6875,0.09917355371900836,0,0,0
1311,3.1875,2.8,0.06363636363636369,0,0,0
1313,3.1818181818181817,3.45,0.0,0,0,0
1317,3.275,2.1666666666666665,0.22727272727272724,0,0,0
1320,3.4545454545454546,3.5,0.03305785123966944,0,0,0
1324,3.3636363636363638,3.375,0.03305785123966944,0,0,0
1327,2.875,2.5,0.04545454545454545,0,0,0
1328,3.325,2.75,0.10000000000000006,0,0,0
1332,NA,NA,NA,1,1,1
1334,NA,NA,NA,1,1,1
1337,NA,NA,NA,1,1,1
1338,3.425,2.9722222222222223,0.08264462809917363,0,0,0
1342,NA,NA,NA,1,1,1
1343,3.522727272727273,2.975,0.05785123966942151,0,0,0
1347,3.375,2.5,0.0818181818181819,0,0,0
1354,3.5,3.2857142857142856,0.07438016528925624,0,0,0
1357,3.5,3.4375,0.0,0,0,0
1360,3.575,2.9583333333333335,0.18181818181818188,0,0,0
1369,3.075,3.1,0.03636363636363636,0,0,0
1370,3.5,2.7083333333333335,0.038961038961038995,0,0,0
1374,3.4166666666666665,3.6,0.07575757575757582,0,0,0
1376,NA,NA,NA,1,1,1
1377,3.5714285714285716,2.9642857142857144,0.060606060606060635,0,0,1
1379,3.6666666666666665,2.75,0.11111111111111119,0,0,0
1380,3.3863636363636362,3.375,0.0,0,0,0
1381,3.0555555555555554,2.625,0.11111111111111122,0,0,0
1385,3.35,3.03125,0.01818181818181818,0,0,0
1390,NA,NA,NA,1,1,1
1392,3.522727272727273,2.5833333333333335,0.1487603305785124,0,0,0
1396,3.725,2.6944444444444446,0.1545454545454546,0,1,0
1399,NA,NA,NA,1,1,1
1400,NA,NA,NA,1,1,1
1401,NA,NA,NA,1,1,1
1404,NA,NA,NA,1,1,1
1406,3.6,2.65625,0.11818181818181817,0,0,0
1407,3.1944444444444446,3.1785714285714284,0.09090909090909098,0,0,0
1409,3.522727272727273,3.71875,0.0,0,0,0
1413,NA,NA,NA,1,1,1
1415,3.5454545454545454,2.9642857142857144,0.04132231404958681,0,0,0
1419,3.5454545454545454,3.6785714285714284,0.0,0,0,0
1424,NA,NA,NA,1,1,1
1427,3.375,2.4583333333333335,0.18181818181818196,0,0,0
1428,3.5625,3.3125,0.0,0,0,0
1429,3.272727272727273,3.5555555555555554,0.0,0,0,0
1431,3.2777777777777777,3.09375,0.05050505050505054,0,0,0
1438,3.477272727272727,3.4166666666666665,0.008264462809917354,0,0,0
1439,3.225,2.8125,0.05785123966942151,0,0,0
1440,3.5,2.725,0.09917355371900824,0,0,0
1441,3.522727272727273,3.388888888888889,0.008264462809917354,0,0,0
1443,3.3181818181818183,3.5,0.008264462809917354,0,0,0
1446,3.4722222222222223,3.21875,0.02727272727272729,0,0,0
1450,NA,NA,NA,1,1,1
1451,3.2,2.65625,0.14545454545454548,0,0,0
1454,3.361111111111111,2.875,0.04040404040404044,0,1,0
1455,3.7857142857142856,2.9583333333333335,0.15584415584415598,0,0,0
1456,3.3,3.15625,0.0,0,0,0
1457,3.4318181818181817,3.5,0.0,0,0,0
1458,3.4285714285714284,3.107142857142857,0.012987012987012986,0,0,0
1461,3.6666666666666665,3.03125,0.0101010101010101,0,0,0
1464,3.4318181818181817,3.2916666666666665,0.08264462809917363,0,0,0
1481,3.2222222222222223,2.7083333333333335,0.13636363636363646,0,0,0
1482,3.361111111111111,2.9642857142857144,0.08181818181818187,0,0,0
1488,NA,NA,NA,1,1,1
1489,3.5,3.5,0.0,0,0,0
1492,3.625,2.875,0.10909090909090906,0,0,0
1493,3.425,3.25,0.04545454545454548,0,0,0
1497,3.4583333333333335,3.65,0.06493506493506498,0,0,0
1502,3.4,2.96875,0.045454545454545484,0,0,0
1503,3.5,3.0,0.0,0,0,1
1504,3.45,3.5625,0.0,0,0,0
1507,3.4444444444444446,2.8214285714285716,0.07070707070707075,0,0,0
1508,3.575,2.9642857142857144,0.12121212121212133,0,0,0
1509,NA,NA,NA,1,1,1
1515,3.3181818181818183,2.9,0.05785123966942151,0,0,0
1516,3.159090909090909,3.2,0.0,0,0,0
1519,3.522727272727273,2.9166666666666665,0.07438016528925619,0,0,0
1520,3.590909090909091,2.975,0.08264462809917363,0,0,0
1522,3.272727272727273,3.392857142857143,0.04958677685950417,0,0,0
1526,3.857142857142857,3.125,0.06493506493506498,0,0,0
1528,NA,NA,NA,1,1,1
1531,3.590909090909091,2.9318181818181817,0.17355371900826452,0,0,0
1532,3.0,3.25,0.0,0,0,0
1536,3.55,2.861111111111111,0.054545454545454564,0,0,0
1540,3.4444444444444446,2.7142857142857144,0.14141414141414155,0,0,0
1541,3.6944444444444446,3.5625,0.0,0,0,0
1543,NA,NA,NA,1,1,1
1544,3.825,3.0,0.06363636363636369,0,0,0
1546,2.75,3.0,0.0,0,0,0
1548,3.5833333333333335,2.4166666666666665,0.05681818181818183,0,0,0
1549,3.55,2.857142857142857,0.09090909090909098,0,0,0
1552,NA,NA,NA,1,1,1
1554,NA,NA,NA,1,1,1
1556,3.5,2.75,0.11363636363636372,0,0,1
1558,3.5,3.025,0.05785123966942154,0,0,0
1559,3.5555555555555554,2.6666666666666665,0.02727272727272729,0,0,0
1561,NA,NA,NA,1,1,1
1568,NA,NA,NA,1,1,1
1575,3.477272727272727,3.5,0.0,0,0,0
1579,3.4,3.375,0.036363636363636376,0,0,0
1581,3.45,3.5555555555555554,0.0,0,0,1
1582,3.65,2.5277777777777777,0.0181818181818182,0,0,0
1586,3.5454545454545454,2.775,0.03305785123966943,0,0,0
1587,NA,NA,NA,1,1,1
1595,3.0454545454545454,2.775,0.09917355371900834,0,0,0
1597,3.7777777777777777,2.78125,0.08080808080808086,0,0,0
1601,3.4166666666666665,3.0357142857142856,0.0101010101010101,0,0,0
1607,3.4545454545454546,3.107142857142857,0.08264462809917361,0,0,0
1609,NA,NA,NA,1,1,1
1617,3.525,2.8214285714285716,0.15454545454545457,0,0,1
1623,3.7142857142857144,2.7083333333333335,0.16883116883116883,0,0,0
1625,NA,NA,NA,1,1,1
1627,NA,NA,NA,1,1,1
1629,NA,NA,NA,1,1,1
1644,3.46875,2.625,0.06363636363636369,0,0,0
1645,3.3863636363636362,3.3333333333333335,0.041322314049586806,0,0,0
1649,3.275,3.05,0.04545454545454547,0,0,0
1651,NA,NA,NA,1,1,1
1655,NA,NA,NA,1,1,1
1656,3.625,3.0714285714285716,0.191919191919192,0,0,0
1661,NA,NA,NA,1,1,1
1662,3.2954545454545454,3.5,0.016528925619834725,0,0,0
1665,3.525,2.40625,0.17272727272727278,0,0,0
1669,NA,NA,NA,1,1,1
1671,3.6,2.888888888888889,0.07272727272727278,0,0,0
1672,NA,NA,NA,1,1,1
1673,NA,NA,NA,1,1,1
1676,3.1875,2.4166666666666665,0.022727272727272724,0,0,0
1678,NA,NA,NA,1,1,1
1681,NA,NA,NA,1,1,1
1683,3.475,3.0,0.06363636363636367,0,0,0
1685,3.659090909090909,3.0,0.08264462809917363,0,0,0
1687,3.675,3.0,0.16363636363636364,0,0,0
1689,3.45,2.875,0.06363636363636369,0,0,0
1693,3.3863636363636362,2.625,0.1735537190082646,0,0,0
1694,NA,NA,NA,1,1,1
1695,NA,NA,NA,1,1,1
1697,3.325,3.0555555555555554,0.06611570247933889,0,0,0
1698,3.5454545454545454,3.5625,0.0,0,0,0
1700,3.3,3.28125,0.016528925619834708,0,0,0
1703,NA,NA,NA,1,1,1
1704,3.5714285714285716,2.9,0.06493506493506497,0,0,0
1708,3.340909090909091,3.5454545454545454,0.0,0,0,0
1710,3.65,3.125,0.07272727272727278,0,0,0
1711,3.45,2.857142857142857,0.0826446280991736,0,0,0
1714,3.25,2.925,0.09917355371900836,0,0,0
1717,3.4285714285714284,3.1785714285714284,0.012987012987012986,0,0,0
1718,3.3055555555555554,2.84375,0.09090909090909097,0,0,0
1721,3.375,3.25,0.0,0,0,0
1725,NA,NA,NA,1,1,1
1728,3.477272727272727,2.9722222222222223,0.090909090909091,0,0,0
1730,3.3181818181818183,3.4166666666666665,0.008264462809917354,0,0,0
1731,3.340909090909091,3.25,0.0,0,0,0
1736,NA,NA,NA,1,1,1
1738,3.659090909090909,3.0,0.07438016528925623,0,0,0
1742,3.475,2.875,0.06363636363636364,0,0,0
1743,3.3636363636363638,3.5,0.008264462809917354,0,0,0
1745,NA,NA,NA,1,1,1
1749,3.477272727272727,2.6944444444444446,0.14876033057851237,0,0,0
1751,NA,NA,NA,1,1,1
1752,NA,NA,NA,1,1,1
1764,NA,NA,NA,1,1,1
1766,NA,NA,NA,1,1,1
1767,3.4545454545454546,3.3333333333333335,0.03305785123966943,0,0,0
1769,NA,NA,NA,1,1,1
1770,3.325,3.0357142857142856,0.0,0,0,0
1775,NA,NA,NA,1,1,1
1777,NA,NA,NA,1,1,1
1778,3.477272727272727,3.3055555555555554,0.0,0,0,0
1779,3.6363636363636362,3.45,0.03305785123966944,0,0,0
1780,3.4318181818181817,2.75,0.08264462809917363,0,0,0
1781,3.25,2.625,0.09090909090909088,0,0,0
1782,3.65,2.7777777777777777,0.12727272727272734,0,0,0
1787,NA,NA,NA,1,1,1
1789,3.475,2.607142857142857,0.181818181818182,0,0,0
1792,NA,NA,NA,1,1,1
1794,3.3636363636363638,3.46875,0.0,0,0,0
1805,3.5833333333333335,2.638888888888889,0.00909090909090909,0,0,0
1811,NA,NA,NA,1,1,1
1818,3.5,3.65625,0.0,0,0,0
1823,3.340909090909091,3.2,0.03305785123966944,0,0,1
1826,NA,NA,NA,1,1,1
1828,3.525,2.8,0.13636363636363646,0,0,0
1832,3.607142857142857,2.875,0.14285714285714285,0,1,0
1840,3.5277777777777777,2.9285714285714284,0.12396694214876045,0,0,0
1843,3.55,2.75,0.11570247933884305,0,0,0
1845,3.409090909090909,3.15625,0.10743801652892561,0,0,0
1849,3.5,3.0,0.0,0,0,1
1851,NA,NA,NA,1,1,1
1853,NA,NA,NA,1,1,1
1854,3.357142857142857,2.4583333333333335,0.05681818181818183,0,0,0
1855,3.55,2.9444444444444446,0.09090909090909095,0,0,0
1856,NA,NA,NA,1,1,1
1857,3.625,2.7857142857142856,0.06363636363636369,0,0,0
1862,3.575,2.7777777777777777,0.03636363636363636,0,0,0
1865,3.4318181818181817,3.375,0.0,0,0,0
1866,NA,NA,NA,1,1,1
1867,3.175,3.1,0.01818181818181818,0,0,0
1872,3.5357142857142856,2.75,0.13636363636363646,0,0,0
1877,3.409090909090909,3.25,0.03305785123966944,0,0,0
1882,3.1136363636363638,2.825,0.03305785123966945,0,0,0
1889,3.5,2.96875,0.04040404040404043,0,0,0
1890,3.35,3.275,0.0,0,0,0
1891,NA,NA,NA,1,1,1
1892,3.272727272727273,2.95,0.17355371900826444,0,0,0
1894,NA,NA,NA,1,1,1
1895,3.525,3.025,0.14545454545454548,0,0,0
1896,3.3863636363636362,2.75,0.0413223140495868,0,0,0
1898,3.590909090909091,2.7954545454545454,0.17355371900826452,0,0,0
1899,3.5277777777777777,2.7222222222222223,0.09090909090909098,0,0,0
1902,3.138888888888889,2.9583333333333335,0.060606060606060635,0,0,0
1904,NA,NA,NA,1,1,1
1905,3.375,2.78125,0.08264462809917363,0,0,0
1908,3.05,2.5,0.10909090909090915,0,0,0
1910,NA,NA,NA,1,1,1
1913,3.5,2.75,0.08264462809917363,0,0,0
1915,3.361111111111111,2.75,0.0202020202020202,0,0,0
1917,NA,NA,NA,1,1,1
1923,NA,NA,NA,1,1,1
1924,3.35,3.0833333333333335,0.03636363636363636,0,0,0
1925,3.3863636363636362,3.25,0.008264462809917354,0,0,0
1929,3.6,3.611111111111111,0.0,0,0,0
1930,NA,NA,NA,1,1,1
1931,3.3636363636363638,3.325,0.0413223140495868,0,0,1
1934,3.525,3.0833333333333335,0.09917355371900834,0,0,0
1935,3.409090909090909,3.55,0.0,0,0,0
1939,3.3863636363636362,3.0625,0.04132231404958681,0,0,0
1940,NA,NA,NA,1,1,1
1943,3.575,2.857142857142857,0.11818181818181828,0,0,0
1944,3.475,3.0,0.09917355371900834,0,0,0
1945,3.4166666666666665,3.1666666666666665,0.0454545454545455,0,0,0
1946,3.4318181818181817,2.675,0.17355371900826452,0,0,0
1947,3.3181818181818183,3.0454545454545454,0.05785123966942152,0,0,0
1948,3.638888888888889,3.1666666666666665,0.08080808080808086,0,0,0
1949,3.4545454545454546,3.5833333333333335,0.0,0,0,0
1951,3.25,2.861111111111111,0.0661157024793389,0,0,0
1952,3.0,2.75,0.04545454545454545,0,0,0
1959,3.6136363636363638,3.59375,0.0,0,0,0
1961,3.1818181818181817,3.525,0.0,0,0,0
1962,NA,NA,NA,1,1,1
1963,3.35,2.875,0.08181818181818176,0,0,0
1964,3.5357142857142856,2.45,0.14141414141414144,0,0,0
1966,NA,NA,NA,1,1,1
1967,3.4318181818181817,2.8333333333333335,0.05785123966942152,0,0,0
1971,NA,NA,NA,1,1,1
1974,3.8125,3.09375,0.030303030303030318,0,0,0
1975,3.71875,3.2857142857142856,0.030303030303030318,0,0,0
1976,NA,NA,NA,1,1,1
1977,3.475,3.4166666666666665,0.0,0,0,0
1979,3.325,3.0,0.041322314049586806,0,0,0
1982,3.409090909090909,2.8125,0.05785123966942152,0,0,0
1983,3.59375,2.625,0.060606060606060635,0,0,0
1984,3.5681818181818183,2.40625,0.0661157024793389,0,0,0
1985,3.525,2.75,0.02727272727272727,0,0,0
1986,NA,NA,NA,1,1,1
1987,3.477272727272727,3.375,0.02479338842975208,0,0,0
1989,NA,NA,NA,1,1,1
1990,3.4,3.0555555555555554,0.05454545454545458,0,0,0
1991,3.5,3.4583333333333335,0.0,0,0,0
1994,NA,NA,NA,1,1,1
1996,3.5,2.6875,0.15909090909090912,0,0,0
1997,NA,NA,NA,1,1,1
1998,3.525,3.09375,0.0363636363636364,0,0,0
1999,3.625,3.1,0.04545454545454546,0,0,0
2000,3.3,2.53125,0.0727272727272728,0,0,0
2003,NA,NA,NA,1,1,1
2004,NA,NA,NA,1,1,1
2009,3.4545454545454546,2.9,0.024793388429752063,0,0,0
2010,3.15,2.65625,0.1322314049586777,0,0,0
2011,3.4545454545454546,3.59375,0.0,0,0,0
2013,3.388888888888889,2.96875,0.07070707070707077,0,0,0
2017,3.409090909090909,3.25,0.03305785123966944,0,0,1
2019,NA,NA,NA,1,1,1
2021,3.15,2.388888888888889,0.17272727272727287,0,0,0
2023,3.375,2.75,0.11818181818181817,0,0,0
2026,3.6,2.7,0.0545454545454546,0,0,0
2031,3.6,2.96875,0.0727272727272728,0,0,0
2037,3.475,2.8125,0.08264462809917363,0,0,0
2040,3.425,2.525,0.06363636363636367,0,0,0
2042,NA,NA,NA,1,1,1
2043,NA,NA,NA,1,1,1
2044,3.2045454545454546,3.325,0.016528925619834725,0,0,0
2047,3.525,2.861111111111111,0.11818181818181817,0,1,0
2048,NA,NA,NA,1,1,1
2051,NA,NA,NA,1,1,1
2053,3.6,3.4444444444444446,0.00909090909090909,0,0,0
2064,3.3863636363636362,2.9642857142857144,0.05785123966942154,0,0,0
2068,3.5454545454545454,3.4583333333333335,0.0,0,0,0
2072,3.272727272727273,3.375,0.0,0,0,0
2074,3.2045454545454546,3.1785714285714284,0.0661157024793389,0,0,0
2078,3.53125,3.0625,0.06363636363636367,0,0,0
2080,3.45,2.65625,0.11570247933884308,0,0,0
2081,3.5357142857142856,2.875,0.05454545454545454,0,0,0
2083,NA,NA,NA,1,1,1
2086,NA,NA,NA,1,1,1
2087,NA,NA,NA,1,1,1
2088,3.5454545454545454,3.388888888888889,0.0,0,0,0
2091,3.78125,2.96875,0.0101010101010101,0,0,0
2096,NA,NA,NA,1,1,1
2098,3.5,2.861111111111111,0.0826446280991736,0,0,0
2101,NA,NA,NA,1,1,1
2104,NA,NA,NA,1,1,1
2105,3.5,NA,0.0,0,0,0
2106,3.4318181818181817,2.7777777777777777,0.06611570247933886,0,0,0
2108,3.5277777777777777,3.09375,0.09090909090909097,0,1,0
2113,NA,NA,NA,1,1,1
2116,3.5555555555555554,2.857142857142857,0.15702479338842987,0,0,0
2122,3.5681818181818183,2.8125,0.04958677685950416,0,0,0
2123,3.475,3.5,0.0,0,0,0
2125,NA,NA,NA,1,1,1
2127,NA,NA,NA,1,1,1
2131,3.340909090909091,2.9318181818181817,0.07438016528925623,0,0,0
2132,3.272727272727273,3.5625,0.008264462809917354,0,0,0
2136,3.4318181818181817,3.625,0.0,0,0,0
2138,3.625,2.7142857142857144,0.14545454545454548,0,0,0
2145,3.475,3.5,0.0,0,0,0
2152,3.65,3.0833333333333335,0.11818181818181817,0,0,0
2153,3.3636363636363638,3.3055555555555554,0.12396694214876045,0,0,0
2154,NA,NA,NA,1,1,1
2155,NA,NA,NA,1,1,1
2158,3.4583333333333335,3.2083333333333335,0.04545454545454548,0,0,0
2159,3.4166666666666665,3.2083333333333335,0.04040404040404044,0,0,0
2161,3.575,2.7,0.13636363636363638,0,0,0
2163,3.5454545454545454,3.275,0.02479338842975209,0,0,0
2164,3.409090909090909,2.6136363636363638,0.26446280991735555,0,0,0
2167,3.409090909090909,2.90625,0.05785123966942154,0,0,0
2168,3.4,2.888888888888889,0.02727272727272729,0,0,0
2170,3.5454545454545454,3.361111111111111,0.02479338842975209,0,0,0
2172,3.525,3.075,0.016528925619834725,0,0,0
2176,3.675,2.475,0.13636363636363646,0,0,0
2179,3.3181818181818183,3.35,0.02479338842975208,0,0,0
2183,3.325,2.638888888888889,0.090909090909091,0,0,0
2188,3.2,3.4375,0.01515151515151515,0,0,0
2191,3.3863636363636362,3.46875,0.0,0,0,0
2192,3.5454545454545454,2.8214285714285716,0.10743801652892569,0,0,0
2198,NA,NA,NA,1,1,1
2199,NA,NA,NA,1,1,1
2202,3.4545454545454546,3.525,0.008264462809917354,0,0,0
2204,3.45,2.84375,0.11570247933884308,0,0,0
2205,NA,NA,NA,1,1,1
2211,NA,NA,NA,1,1,1
2214,3.375,3.34375,0.0181818181818182,0,0,0
2219,3.775,3.28125,0.07272727272727278,0,0,0
2222,NA,NA,NA,1,1,1
2225,3.3636363636363638,3.65625,0.0,0,0,0
2226,3.4545454545454546,3.5833333333333335,0.0,0,0,0
2229,3.475,2.7777777777777777,0.08264462809917361,0,0,0
2237,3.5,3.28125,0.03636363636363639,0,0,0
2240,3.525,3.142857142857143,0.08080808080808077,0,0,0
2242,3.5,3.388888888888889,0.0,0,0,0
2243,NA,NA,NA,1,1,1
2245,3.55,3.025,0.0661157024793389,0,0,0
2246,3.4583333333333335,3.2083333333333335,0.04545454545454548,0,0,0
2247,3.6944444444444446,2.7857142857142856,0.040404040404040414,0,0,0
2250,3.625,2.875,0.09090909090909097,0,0,0
2251,NA,NA,NA,1,1,1
2252,3.625,2.7857142857142856,0.2159090909090911,0,0,0
2253,3.5681818181818183,3.125,0.041322314049586785,0,0,0
2254,3.40625,3.25,0.09090909090909095,0,0,0
2262,3.0681818181818183,3.3125,0.0,0,0,0
2269,3.477272727272727,2.925,0.04958677685950416,0,0,0
2270,3.409090909090909,3.025,0.09090909090909097,0,0,0
2275,3.4444444444444446,3.25,0.08181818181818187,0,0,0
2276,3.275,2.53125,0.13636363636363652,0,0,0
2278,3.5,2.5,0.04545454545454545,0,0,1
2281,3.25,2.34375,0.1454545454545456,0,0,0
2282,3.4642857142857144,2.7083333333333335,0.011363636363636362,0,0,0
2286,NA,NA,NA,1,1,1
2291,NA,NA,NA,1,1,1
2293,3.53125,3.53125,0.02020202020202022,0,0,0
2299,3.340909090909091,3.28125,0.0,0,0,0
2300,3.5625,2.84375,0.16161616161616177,0,0,0
2303,3.3863636363636362,3.25,0.008264462809917354,0,0,0
2306,3.4,3.5,0.016528925619834725,0,0,0
2308,3.4722222222222223,3.2222222222222223,0.09090909090909095,0,0,0
2314,NA,NA,NA,1,1,1
2318,3.5555555555555554,3.607142857142857,0.0,0,0,0
2319,3.5,2.975,0.041322314049586806,0,0,0
2320,3.4166666666666665,3.0416666666666665,0.02727272727272729,0,0,0
2323,NA,NA,NA,1,1,1
2327,3.642857142857143,2.6666666666666665,0.09090909090909088,0,0,0
2330,3.2954545454545454,3.361111111111111,0.0,0,0,0
2331,3.1666666666666665,3.5,0.12121212121212128,0,0,0
2334,3.477272727272727,2.85,0.0413223140495868,0,0,0
2340,NA,NA,NA,1,1,1
2341,NA,NA,NA,1,1,1
2343,3.3,2.8333333333333335,0.09917355371900834,0,0,0
2347,3.6875,3.125,0.29545454545454547,0,0,0
2352,3.575,2.6944444444444446,0.02727272727272727,0,0,0
2359,NA,NA,NA,1,1,1
2360,3.6666666666666665,2.5625,0.1250000000000001,0,0,0
2365,3.3055555555555554,2.642857142857143,0.18181818181818185,0,0,0
2368,3.659090909090909,2.909090909090909,0.05785123966942149,0,0,0
2371,3.59375,2.875,0.08080808080808086,0,0,0
2377,3.3863636363636362,3.2222222222222223,0.008264462809917354,0,0,1
2388,3.6666666666666665,2.5833333333333335,0.04545454545454546,0,0,0
2390,3.3863636363636362,3.111111111111111,0.008264462809917354,0,0,0
2391,NA,NA,NA,1,1,1
2393,3.4545454545454546,3.1666666666666665,0.016528925619834708,0,0,0
2394,NA,NA,NA,1,1,1
2396,3.5,2.1666666666666665,0.09090909090909097,0,0,1
2400,3.522727272727273,3.1818181818181817,0.07438016528925617,0,0,0
2401,3.5555555555555554,2.5714285714285716,0.10909090909090909,0,0,0
2402,3.35,3.25,0.0181818181818182,0,0,0
2404,3.3181818181818183,3.361111111111111,0.05785123966942152,0,0,0
2405,3.5,3.6666666666666665,0.0,0,0,0
2414,3.388888888888889,2.4285714285714284,0.0303030303030303,0,0,0
2417,3.5277777777777777,2.5555555555555554,0.0818181818181819,0,0,0
2419,3.272727272727273,3.53125,0.0,0,0,0
2421,3.45,2.9166666666666665,0.1,0,0,0
2425,3.53125,2.8125,0.03409090909090911,0,0,0
2428,3.3863636363636362,3.392857142857143,0.0,0,0,0
2429,3.1785714285714284,3.0,0.06818181818181825,0,0,0
2433,3.5357142857142856,2.95,0.03409090909090911,0,0,0
2435,3.1818181818181817,2.7222222222222223,0.14049586776859516,0,0,0
2442,3.25,3.4,0.0,0,0,0
2451,3.3055555555555554,2.6666666666666665,0.18181818181818185,0,0,0
2452,3.6,2.638888888888889,0.06363636363636366,0,0,0
2454,3.6136363636363638,3.2222222222222223,0.02479338842975208,0,0,0
2458,NA,NA,NA,1,1,1
2462,3.375,2.625,0.11570247933884308,0,0,0
2464,NA,NA,NA,1,1,1
2467,3.4375,2.5416666666666665,0.13636363636363646,0,0,0
2471,3.5,2.8636363636363638,0.07438016528925626,0,0,0
2472,3.475,2.5833333333333335,0.12396694214876038,0,0,0
2474,3.409090909090909,3.0,0.03305785123966944,0,0,0
2475,NA,NA,NA,1,1,1
2478,3.477272727272727,3.075,0.02479338842975208,0,0,0
2482,3.7222222222222223,2.7777777777777777,0.0818181818181819,0,0,0
2485,3.6818181818181817,2.8214285714285716,0.04132231404958681,0,0,0
2486,NA,NA,NA,1,1,1
2487,NA,NA,NA,1,1,1
2488,3.5555555555555554,2.625,0.13636363636363638,0,0,0
2492,3.6136363636363638,3.6666666666666665,0.02479338842975208,0,0,0
2493,NA,NA,NA,1,1,1
2495,3.5625,2.7142857142857144,0.03409090909090912,0,0,0
2506,3.3863636363636362,2.84375,0.04132231404958679,0,0,0
2509,NA,NA,NA,1,1,1
2510,3.5714285714285716,2.95,0.14285714285714296,0,0,0
2511,3.5833333333333335,3.0625,0.08181818181818187,0,0,0
2513,3.325,3.35,0.0,0,0,0
2514,3.409090909090909,3.40625,0.0,0,0,0
2515,3.45,2.9642857142857144,0.00909090909090909,0,0,0
2518,3.3863636363636362,2.46875,0.008264462809917354,0,0,0
2519,3.272727272727273,2.8125,0.09090909090909097,0,0,0
2520,3.2,2.5625,0.03636363636363636,0,0,0
2529,3.55,2.4444444444444446,0.0545454545454546,0,0,0
2530,NA,NA,NA,1,1,1
2532,NA,NA,NA,1,1,1
2534,3.45,2.59375,0.1818181818181819,0,1,0
2535,NA,NA,NA,1,1,1
2538,3.375,3.138888888888889,0.10909090909090917,0,0,0
2539,3.2954545454545454,2.9166666666666665,0.09917355371900834,0,0,0
2548,3.5681818181818183,3.25,0.0,0,0,0
2549,3.340909090909091,3.475,0.0,0,0,0
2550,3.3863636363636362,3.388888888888889,0.04132231404958681,0,0,0
2552,3.375,3.138888888888889,0.054545454545454564,0,0,0
2555,3.3863636363636362,2.7045454545454546,0.15702479338842978,0,0,0
2557,3.425,3.46875,0.0,0,0,0
2563,3.275,3.25,0.14049586776859516,0,0,0
2573,3.3636363636363638,2.625,0.1322314049586777,0,0,1
2574,3.25,2.5555555555555554,0.10909090909090917,0,0,0
2575,NA,NA,NA,1,1,1
2578,3.409090909090909,3.111111111111111,0.05785123966942154,0,0,0
2584,3.5555555555555554,2.9375,0.1181818181818183,0,1,0
2586,3.8181818181818183,2.8333333333333335,0.041322314049586785,0,0,0
2591,NA,NA,NA,1,1,1
2592,3.2954545454545454,3.325,0.12396694214876042,0,0,1
2593,3.2,2.5833333333333335,0.07272727272727278,0,0,0
2597,3.25,2.7083333333333335,0.11111111111111119,0,0,0
2599,3.475,2.9166666666666665,0.06363636363636369,0,0,0
2601,3.3,3.0,0.05050505050505054,0,0,0
2602,3.425,3.5277777777777777,0.0,0,0,0
2603,2.0,NA,0.181818181818182,0,1,0
2605,3.425,3.28125,0.1074380165289257,0,0,0
2607,NA,NA,NA,1,1,1
2608,3.5833333333333335,3.0,0.04545454545454546,0,0,0
2614,NA,NA,NA,1,1,1
2617,NA,NA,NA,1,1,1
2618,NA,NA,NA,1,1,1
2619,3.5454545454545454,3.138888888888889,0.05785123966942154,0,0,0
2621,NA,NA,NA,1,1,1
2622,3.4,2.861111111111111,0.10909090909090915,0,0,0
2626,3.25,3.25,0.05454545454545458,0,0,0
2636,NA,NA,NA,1,1,1
2637,NA,NA,NA,1,1,1
2639,NA,NA,NA,1,1,1
2642,3.7222222222222223,2.9166666666666665,0.21212121212121224,0,1,0
2648,NA,NA,NA,1,1,1
2650,NA,NA,NA,1,1,1
2654,3.425,2.9722222222222223,0.09090909090909087,0,0,1
2659,3.388888888888889,2.59375,0.07070707070707075,0,0,0
2662,3.375,3.142857142857143,0.14545454545454556,0,0,0
2663,3.3181818181818183,3.375,0.041322314049586806,0,0,0
2665,NA,NA,NA,1,1,1
2666,3.3636363636363638,3.5714285714285716,0.016528925619834725,0,0,0
2667,3.5454545454545454,2.9545454545454546,0.041322314049586806,0,0,0
2671,3.175,2.5,0.11818181818181828,0,0,0
2672,3.2777777777777777,2.90625,0.12727272727272737,0,0,1
2680,NA,NA,NA,1,1,1
2685,3.5833333333333335,3.138888888888889,0.0,0,0,0
2687,NA,NA,NA,1,1,1
2690,3.325,3.1666666666666665,0.00909090909090909,0,0,0
2691,NA,NA,NA,1,1,1
2694,3.340909090909091,3.2777777777777777,0.0413223140495868,0,0,0
2697,3.6,3.40625,0.0,0,0,0
2698,3.522727272727273,3.4318181818181817,0.02479338842975209,0,0,1
2699,3.35,2.9642857142857144,0.07272727272727278,0,0,0
2701,3.5277777777777777,2.75,0.11111111111111122,0,0,0
2703,3.4,2.6666666666666665,0.12727272727272737,0,0,0
2707,3.875,3.21875,0.030303030303030318,0,0,0
2708,NA,NA,NA,1,1,1
2709,3.525,2.9722222222222223,0.10000000000000005,0,0,0
2711,3.4,3.0555555555555554,0.09090909090909094,0,0,0
2712,3.3863636363636362,3.5,0.0,0,0,0
2713,3.409090909090909,2.75,0.12396694214876046,0,0,0
2715,3.325,2.75,0.18181818181818185,0,1,0
2717,NA,NA,NA,1,1,1
2722,3.3055555555555554,2.642857142857143,0.0202020202020202,0,0,0
2724,3.5,2.65625,0.041322314049586806,0,0,0
2728,NA,NA,NA,1,1,1
2732,3.3636363636363638,3.375,0.0,0,0,0
2737,3.375,2.9375,0.11570247933884305,0,0,0
2738,3.3863636363636362,3.1875,0.0,0,0,0
2739,3.4,3.1666666666666665,0.08181818181818187,0,0,0
2741,NA,NA,NA,1,1,1
2745,NA,NA,NA,1,1,1
2747,NA,NA,NA,1,1,1
2749,3.45,2.5277777777777777,0.08264462809917363,0,0,0
2754,3.409090909090909,3.0,0.07438016528925623,0,0,0
2761,3.4444444444444446,3.25,0.0181818181818182,0,0,0
2763,3.45,2.78125,0.10909090909090917,0,0,0
2770,3.59375,2.8214285714285716,0.13131313131313144,0,0,0
2771,3.575,3.2,0.05454545454545458,0,0,0
2774,3.409090909090909,2.3863636363636362,0.2148760330578513,0,0,0
2779,3.5,2.75,0.08080808080808086,0,0,0
2780,NA,NA,NA,1,1,1
2781,3.0454545454545454,3.475,0.008264462809917354,0,0,0
2782,NA,NA,NA,1,1,1
2784,3.5,3.175,0.04958677685950415,0,0,0
2790,3.59375,3.357142857142857,0.0272727272727273,0,0,0
2791,NA,NA,NA,1,1,1
2793,3.35,2.3214285714285716,0.1181818181818183,0,0,0
2794,3.409090909090909,2.2916666666666665,0.04958677685950415,0,0,0
2795,NA,NA,NA,1,1,1
2797,3.340909090909091,2.65625,0.04958677685950417,0,0,0
2807,NA,NA,NA,1,1,1
2813,3.425,2.607142857142857,0.1090909090909092,0,0,0
2817,3.272727272727273,2.96875,0.07438016528925627,0,0,0
2820,NA,NA,NA,1,1,1
2822,3.3055555555555554,3.15625,0.09090909090909098,0,0,0
2823,NA,NA,NA,1,1,1
2824,3.1,2.5625,0.10909090909090917,0,0,0
2829,NA,NA,NA,1,1,1
2832,3.4545454545454546,3.0555555555555554,0.04958677685950416,0,0,0
2834,NA,NA,NA,1,1,1
2837,3.5681818181818183,2.59375,0.12396694214876035,0,0,0
2839,3.35,2.8055555555555554,0.08181818181818186,0,0,0
2840,3.3636363636363638,2.875,0.05785123966942154,0,0,0
2841,NA,NA,NA,1,1,1
2842,3.625,2.625,0.0,0,1,1
2846,3.375,2.71875,0.008264462809917354,0,0,0
2851,3.4318181818181817,3.5,0.0413223140495868,0,0,0
2856,3.3181818181818183,2.975,0.041322314049586806,0,0,0
2862,3.5833333333333335,2.25,0.07272727272727278,0,0,0
2868,3.7142857142857144,2.9583333333333335,0.09090909090909097,0,0,0
2870,3.4545454545454546,3.4166666666666665,0.0,0,0,0
2871,NA,NA,NA,1,1,1
2872,NA,NA,NA,1,1,1
2878,3.45,2.7857142857142856,0.04545454545454548,0,0,0
2885,3.575,2.6944444444444446,0.008264462809917354,0,1,0
2889,3.25,3.0,0.0454545454545455,0,1,0
2891,3.5625,2.8214285714285716,0.07070707070707076,0,0,0
2893,3.75,3.5,0.0,0,0,0
2894,3.4722222222222223,2.75,0.07070707070707075,0,0,0
2897,3.5,3.0,0.0,0,0,1
2899,3.75,3.125,0.090909090909091,0,0,0
2903,3.5,3.022727272727273,0.04958677685950418,0,0,0
2904,3.35,3.0833333333333335,0.07272727272727277,0,0,0
2909,3.45,2.9722222222222223,0.02479338842975208,0,0,0
2913,NA,NA,NA,1,1,1
2915,NA,NA,NA,1,1,1
2919,3.35,2.90625,0.09917355371900832,0,0,0
2921,3.4318181818181817,3.59375,0.0,0,0,0
2922,3.34375,2.875,0.19318181818181823,0,0,0
2923,3.575,2.6875,0.0454545454545455,0,0,0
2924,NA,NA,NA,1,1,1
2925,NA,NA,NA,1,1,1
2930,3.425,2.888888888888889,0.09090909090909097,0,0,0
2932,3.3,2.888888888888889,0.08181818181818179,0,0,0
2935,3.477272727272727,2.75,0.12396694214876035,0,0,0
2937,NA,NA,NA,1,1,1
2938,3.3181818181818183,3.0625,0.008264462809917354,0,0,0
2939,3.4318181818181817,3.25,0.03305785123966944,0,0,1
2942,NA,NA,NA,1,1,1
2944,3.35,2.90625,0.09917355371900834,0,0,0
2949,NA,NA,NA,1,1,1
2950,3.75,3.0,0.02727272727272729,0,0,0
2951,3.275,3.0,0.14049586776859516,0,0,1
2953,3.0,2.75,0.0,0,1,1
2955,3.45,3.25,0.06363636363636369,0,0,0
2956,3.3636363636363638,2.875,0.07438016528925626,0,0,0
2959,3.272727272727273,3.15625,0.0,0,0,0
2960,3.1875,2.9375,0.13636363636363624,0,0,0
2963,3.5454545454545454,3.5833333333333335,0.016528925619834725,0,0,0
2965,3.7045454545454546,2.8055555555555554,0.12396694214876045,0,0,0
2966,3.477272727272727,2.9722222222222223,0.016528925619834708,0,0,0
2967,3.575,3.0833333333333335,0.10909090909090909,0,0,0
2969,3.375,2.7222222222222223,0.07070707070707077,0,0,0
2977,3.5454545454545454,3.21875,0.0,0,0,0
2981,3.45,3.275,0.0272727272727273,0,0,0
2984,NA,NA,NA,1,1,1
2985,3.3055555555555554,3.0,0.0826446280991736,0,0,0
2990,NA,NA,NA,1,1,1
2993,3.522727272727273,3.642857142857143,0.0,0,0,0
3000,3.525,2.9285714285714284,0.1322314049586778,0,0,0
3001,3.340909090909091,2.95,0.02479338842975208,0,0,0
3004,3.590909090909091,3.4722222222222223,0.0,0,0,0
3006,3.6666666666666665,2.5,0.040404040404040414,0,0,0
3014,3.5,3.3181818181818183,0.02479338842975209,0,0,0
3016,3.525,2.53125,0.06363636363636369,0,0,0
3021,NA,NA,NA,1,1,1
3024,3.4545454545454546,3.025,0.17355371900826452,0,0,0
3027,3.45,2.65625,0.00909090909090909,0,0,1
3031,3.575,2.625,0.08264462809917361,0,0,0
3033,3.477272727272727,3.361111111111111,0.03305785123966945,0,0,0
3036,3.5681818181818183,2.975,0.0413223140495868,0,0,0
3037,3.4318181818181817,3.475,0.0,0,0,0
3040,3.4285714285714284,3.5833333333333335,0.03896103896103898,0,0,0
3041,3.525,2.625,0.07272727272727278,0,0,0
3044,3.4166666666666665,2.638888888888889,0.1090909090909092,0,0,0
3045,3.4375,3.6666666666666665,0.01818181818181818,0,0,0
3048,NA,NA,NA,1,1,1
3051,3.65,2.8333333333333335,0.19999999999999996,0,0,0
3062,3.5,2.9545454545454546,0.04132231404958677,0,0,0
3065,3.25,3.1,0.0272727272727273,0,0,0
3066,3.3636363636363638,2.9722222222222223,0.02727272727272727,0,0,0
3067,3.475,3.125,0.02727272727272727,0,0,0
3069,3.75,3.5,0.0,0,0,0
3072,3.5,2.6666666666666665,0.1322314049586778,0,0,0
3073,3.272727272727273,3.34375,0.0,0,0,0
3079,3.392857142857143,3.5,0.0,0,0,0
3082,NA,NA,NA,1,1,1
3090,3.275,3.2857142857142856,0.1322314049586778,0,0,1
3091,3.5,3.5,0.0,0,0,0
3092,3.35,2.5277777777777777,0.1090909090909092,0,0,0
3093,3.325,2.5714285714285716,0.20661157024793406,0,0,0
3094,3.425,3.4583333333333335,0.00909090909090909,0,0,0
3095,3.5,2.875,0.14876033057851243,0,0,0
3097,3.5555555555555554,3.21875,0.01818181818181818,0,0,0
3098,3.5277777777777777,3.0,0.08181818181818187,0,0,0
3100,NA,NA,NA,1,1,1
3104,3.425,3.25,0.03636363636363639,0,0,0
3108,3.475,2.611111111111111,0.04545454545454546,0,0,0
3114,3.525,3.25,0.0826446280991736,0,0,0
3115,3.2954545454545454,2.71875,0.04958677685950417,0,0,0
3118,3.272727272727273,3.5,0.008264462809917354,0,0,0
3119,3.522727272727273,3.65,0.0,0,0,0
3120,3.227272727272727,2.75,0.08264462809917363,0,0,0
3123,NA,NA,NA,1,1,1
3124,3.5454545454545454,2.4375,0.1239669421487603,0,0,0
3125,NA,NA,NA,1,1,1
3127,3.3636363636363638,2.888888888888889,0.1487603305785125,0,0,1
3133,3.522727272727273,3.5625,0.0,0,0,0
3135,3.45,2.75,0.11818181818181817,0,0,0
3136,NA,NA,NA,1,1,1
3139,NA,NA,NA,1,1,1
3140,3.525,2.65625,0.04958677685950415,0,0,0
3146,3.375,2.9166666666666665,0.10000000000000009,0,0,0
3150,3.2777777777777777,2.7222222222222223,0.11111111111111122,0,0,0
3153,NA,NA,NA,1,1,1
3154,NA,NA,NA,1,1,1
3157,3.4545454545454546,2.775,0.13223140495867772,0,0,0
3164,NA,NA,NA,1,1,1
3168,3.2222222222222223,2.392857142857143,0.1322314049586778,0,0,0
3171,3.409090909090909,3.4545454545454546,0.02479338842975209,0,0,1
3172,3.227272727272727,2.75,0.05785123966942152,0,0,0
3176,3.5,2.638888888888889,0.1322314049586777,0,0,0
3178,3.6,3.5625,0.0,0,0,0
3181,3.4166666666666665,2.75,0.14141414141414144,0,0,0
3182,3.3863636363636362,3.607142857142857,0.0,0,0,0
3183,3.4545454545454546,3.5,0.02479338842975208,0,0,0
3187,3.477272727272727,3.2954545454545454,0.04132231404958681,0,0,0
3188,3.45,3.125,0.06363636363636363,0,1,0
3189,3.325,3.025,0.090909090909091,0,0,0
3194,3.4,3.3125,0.07575757575757582,0,1,0
3195,3.3863636363636362,3.25,0.0,0,0,0
3203,NA,NA,NA,1,1,1
3205,NA,NA,NA,1,1,1
3209,3.4545454545454546,2.85,0.10743801652892561,0,0,0
3211,3.2222222222222223,2.6875,0.06363636363636367,0,0,0
3212,NA,NA,NA,1,1,1
3215,3.525,3.025,0.0454545454545455,0,0,0
3217,NA,NA,NA,1,1,1
3218,3.3333333333333335,3.0625,0.08181818181818189,0,0,0
3220,3.159090909090909,2.96875,0.07438016528925626,0,0,0
3228,NA,NA,NA,1,1,1
3233,NA,NA,NA,1,1,1
3234,3.611111111111111,2.625,0.09090909090909097,0,0,0
3235,3.409090909090909,3.111111111111111,0.05785123966942154,0,0,0
3240,3.4318181818181817,3.7222222222222223,0.0,0,0,0
3244,3.65,3.15625,0.036363636363636376,0,0,0
3245,3.388888888888889,3.111111111111111,0.09090909090909097,0,0,0
3247,3.227272727272727,3.0277777777777777,0.04958677685950417,0,0,0
3251,NA,NA,NA,1,1,1
3253,3.5,2.642857142857143,0.12727272727272737,0,0,0
3256,3.59375,2.5714285714285716,0.03409090909090912,0,0,0
3258,3.3863636363636362,2.925,0.0661157024793389,0,0,0
3260,3.5,2.675,0.12727272727272737,0,0,0
3261,3.35,2.7222222222222223,0.06611570247933887,0,0,0
3262,3.5,2.9375,0.16666666666666666,0,0,0
3266,NA,NA,NA,1,1,1
3269,3.5,2.4444444444444446,0.1181818181818183,0,0,0
3275,3.477272727272727,3.5555555555555554,0.016528925619834725,0,0,0
3276,3.625,3.142857142857143,0.09917355371900834,0,0,0
3278,3.4,3.3,0.0272727272727273,0,0,0
3282,3.2954545454545454,3.2,0.02479338842975209,0,0,0
3287,3.35,3.25,0.016528925619834708,0,0,0
3288,NA,NA,NA,1,1,1
3290,NA,NA,NA,1,1,1
3291,3.225,3.0555555555555554,0.0181818181818182,0,0,0
3292,3.6363636363636362,2.772727272727273,0.13636363636363638,0,0,0
3296,3.5,4.0,0.0,0,0,1
3300,3.611111111111111,3.357142857142857,0.036363636363636376,0,0,0
3302,3.4545454545454546,3.3863636363636362,0.0,0,0,0
3305,3.3636363636363638,3.225,0.03305785123966943,0,0,0
3306,3.325,3.09375,0.0,0,0,0
3309,3.3181818181818183,3.1944444444444446,0.0661157024793388,0,0,0
3312,NA,NA,NA,1,1,1
3314,3.3333333333333335,2.15625,0.16161616161616163,0,0,0
3315,NA,NA,NA,1,1,1
3316,3.4444444444444446,2.8125,0.06363636363636369,0,0,0
3317,3.175,3.03125,0.09090909090909097,0,0,0
3318,3.1666666666666665,2.6875,0.090909090909091,0,0,0
3320,3.5454545454545454,3.3125,0.02479338842975209,0,0,0
3321,3.475,2.75,0.08181818181818187,0,0,1
3324,3.227272727272727,3.25,0.0,0,0,0
3326,3.4444444444444446,3.1875,0.00909090909090909,0,0,1
3327,3.5454545454545454,3.4545454545454546,0.008264462809917354,0,0,0
3329,NA,NA,NA,1,1,1
3331,NA,NA,NA,1,1,1
3333,NA,NA,NA,1,1,1
3342,3.659090909090909,3.2777777777777777,0.04958677685950417,0,0,0
3348,3.4545454545454546,2.607142857142857,0.016528925619834708,0,0,0
3349,3.40625,2.7083333333333335,0.181818181818182,0,0,0
3351,NA,NA,NA,1,1,1
3354,NA,NA,NA,1,1,1
3357,3.4166666666666665,2.857142857142857,0.08181818181818187,0,0,0
3358,3.5,3.28125,0.0,0,0,0
3359,NA,NA,NA,1,1,1
3362,3.1875,2.95,0.05050505050505054,0,0,0
3368,NA,NA,NA,1,1,1
3369,NA,NA,NA,1,1,1
3372,3.45,2.7857142857142856,0.07272727272727278,0,0,0
3374,3.225,2.625,0.12727272727272737,0,0,0
3376,3.6944444444444446,3.25,0.07272727272727277,0,0,0
3377,3.3863636363636362,3.4583333333333335,0.0,0,0,0
3379,NA,NA,NA,1,1,1
3383,3.522727272727273,2.9444444444444446,0.12396694214876035,0,0,0
3393,3.4285714285714284,2.75,0.038961038961038995,0,0,0
3403,3.388888888888889,2.875,0.17272727272727292,0,0,1
3405,NA,NA,NA,1,1,1
3409,3.55,3.138888888888889,0.06611570247933882,0,0,0
3410,NA,NA,NA,1,1,1
3412,NA,NA,NA,1,1,1
3414,3.409090909090909,3.125,0.0,0,0,0
3415,3.2,2.6666666666666665,0.08264462809917363,0,0,1
3418,3.35,3.5277777777777777,0.0,0,0,0
3419,3.5,2.642857142857143,0.15151515151515169,0,0,0
3421,3.275,3.0555555555555554,0.06363636363636369,0,0,0
3428,NA,NA,NA,1,1,1
3431,3.5681818181818183,2.825,0.05785123966942154,0,0,0
3432,3.659090909090909,3.35,0.04132231404958681,0,0,0
3435,3.5,3.1785714285714284,0.090909090909091,0,0,0
3436,3.5,3.0555555555555554,0.10909090909090906,0,0,0
3439,NA,NA,NA,1,1,1
3443,3.409090909090909,3.5,0.0,0,0,0
3445,3.5,2.9583333333333335,0.07272727272727278,0,0,0
3446,NA,NA,NA,1,1,1
3447,3.825,2.7,0.045454545454545484,0,0,0
3448,NA,NA,NA,1,1,1
3451,NA,NA,NA,1,1,1
3453,3.575,3.4,0.0,0,0,0
3454,3.340909090909091,3.325,0.02479338842975208,0,0,0
3456,NA,NA,NA,1,1,1
3458,3.5454545454545454,3.175,0.02479338842975209,0,0,0
3460,NA,NA,NA,1,1,1
3462,3.340909090909091,2.95,0.04958677685950414,0,0,1
3464,3.5454545454545454,3.225,0.016528925619834725,0,0,0
3465,3.475,2.7222222222222223,0.07438016528925623,0,0,0
3467,3.4318181818181817,2.84375,0.04958677685950415,0,0,0
3469,3.4,3.4444444444444446,0.0,0,0,0
3471,3.5714285714285716,2.7857142857142856,0.06611570247933882,0,0,0
3472,3.5,2.625,0.09090909090909095,0,0,0
3473,3.45,3.0555555555555554,0.09090909090909098,0,0,0
3476,NA,NA,NA,1,1,1
3483,3.325,2.825,0.15454545454545457,0,0,1
3486,NA,NA,NA,1,1,1
3489,3.5277777777777777,2.5714285714285716,0.07272727272727278,0,0,0
3490,3.475,3.1666666666666665,0.07272727272727278,0,0,0
3491,3.5,2.6785714285714284,0.00909090909090909,0,0,0
3498,3.475,2.8055555555555554,0.10909090909090917,0,0,0
3499,3.525,2.7222222222222223,0.09090909090909095,0,0,0
3501,3.45,2.475,0.13223140495867777,0,0,0
3503,3.175,2.5833333333333335,0.05050505050505054,0,0,0
3505,NA,NA,NA,1,1,1
3508,3.590909090909091,2.925,0.05785123966942154,0,0,0
3512,3.5454545454545454,2.5,0.04958677685950415,0,0,0
3513,3.375,3.1785714285714284,0.10909090909090917,0,0,0
3516,3.40625,2.5,0.19318181818181823,0,0,0
3517,NA,NA,NA,1,1,1
3525,3.5,2.6944444444444446,0.0818181818181819,0,0,0
3526,3.409090909090909,2.975,0.1074380165289257,0,0,0
3527,3.5,3.15,0.041322314049586806,0,0,0
3531,3.4166666666666665,3.0714285714285716,0.09917355371900832,0,0,0
3533,3.525,3.5,0.0,0,0,0
3536,3.3636363636363638,2.9,0.016528925619834708,0,0,0
3537,NA,NA,NA,1,1,1
3542,3.4444444444444446,2.8333333333333335,0.10000000000000009,0,0,0
3543,3.53125,2.7916666666666665,0.11688311688311699,0,0,0
3548,3.25,3.4642857142857144,0.0,0,0,0
3549,NA,NA,NA,1,1,1
3550,NA,NA,NA,1,1,1
3551,3.775,3.25,0.054545454545454584,0,0,0
3553,3.4318181818181817,2.675,0.07438016528925626,0,0,0
3555,3.3181818181818183,3.1,0.10909090909090917,0,0,1
3557,3.325,2.861111111111111,0.11570247933884308,0,0,1
3558,3.5,3.3125,0.0272727272727273,0,0,1
3561,3.5,2.65625,0.090909090909091,0,0,0
3562,NA,NA,NA,1,1,1
3563,NA,NA,NA,1,1,1
3564,3.6944444444444446,2.84375,0.16161616161616166,0,1,0
3566,NA,NA,NA,1,1,1
3569,NA,NA,NA,1,1,1
3577,3.34375,2.5,0.08080808080808087,0,0,0
3578,NA,NA,NA,1,1,1
3579,3.3333333333333335,2.5625,0.16161616161616177,0,0,0
3580,NA,NA,NA,1,1,1
3584,3.375,3.111111111111111,0.09090909090909097,0,0,0
3586,NA,NA,NA,1,1,1
3593,3.2954545454545454,2.7857142857142856,0.10743801652892561,0,0,0
3597,3.1875,2.7083333333333335,0.19318181818181823,0,0,0
3598,3.15,2.40625,0.10000000000000006,0,0,0
3600,3.45,3.1944444444444446,0.08181818181818187,0,0,0
3601,3.625,2.607142857142857,0.15151515151515163,0,0,0
3603,3.4545454545454546,3.611111111111111,0.0,0,0,0
3604,3.625,3.25,0.057851239669421496,0,0,0
3607,3.40625,3.0,0.07954545454545461,0,0,0
3610,3.525,2.75,0.05454545454545458,0,0,0
3611,3.25,3.0,0.05785123966942152,0,0,0
3612,NA,NA,NA,1,1,1
3614,3.361111111111111,2.4166666666666665,0.09090909090909098,0,0,0
3617,3.15,2.892857142857143,0.09090909090909098,0,1,0
3619,NA,NA,NA,1,1,1
3622,3.475,3.4375,0.0,0,0,0
3624,3.522727272727273,2.5,0.041322314049586806,0,0,0
3626,3.5,2.9722222222222223,0.05785123966942154,0,0,0
3628,3.53125,2.75,0.15909090909090925,0,0,0
3629,NA,NA,NA,1,1,1
3630,3.5681818181818183,3.0277777777777777,0.024793388429752063,0,0,0
3631,3.409090909090909,3.1785714285714284,0.016528925619834725,0,0,0
3635,3.675,2.8125,0.04958677685950415,0,0,0
3636,NA,NA,NA,1,1,1
3637,3.3863636363636362,2.825,0.06363636363636369,0,0,0
3641,3.7777777777777777,2.78125,0.06060606060606066,0,0,0
3646,NA,NA,NA,1,1,1
3647,3.475,2.8055555555555554,0.10909090909090917,0,0,0
3653,3.53125,3.125,0.04545454545454546,0,0,0
3655,3.75,3.0681818181818183,0.09917355371900834,0,0,0
3657,3.3181818181818183,2.5833333333333335,0.06611570247933882,0,0,0
3660,3.6666666666666665,3.21875,0.04958677685950414,0,0,0
3662,3.3055555555555554,2.75,0.22222222222222232,0,0,0
3672,3.325,3.4722222222222223,0.00909090909090909,0,0,0
3673,3.325,3.125,0.03305785123966943,0,0,0
3674,3.522727272727273,2.5357142857142856,0.11570247933884305,0,0,0
3675,NA,NA,NA,1,1,1
3676,NA,NA,NA,1,1,1
3679,3.3636363636363638,3.3214285714285716,0.03305785123966944,0,0,0
3682,3.4166666666666665,3.1666666666666665,0.0181818181818182,0,0,0
3691,3.4,3.1785714285714284,0.0363636363636364,0,0,0
3693,3.0,3.0,0.1313131313131314,0,0,0
3695,NA,NA,NA,1,1,1
3697,NA,NA,NA,1,1,1
3698,3.5,3.2142857142857144,0.008264462809917354,0,0,0
3707,NA,NA,NA,1,1,1
3709,NA,NA,NA,1,1,1
3712,3.3863636363636362,3.111111111111111,0.12727272727272726,0,0,0
3714,3.45,3.2142857142857144,0.045454545454545484,0,0,0
3716,NA,NA,NA,1,1,1
3717,3.575,2.9166666666666665,0.09090909090909097,0,0,0
3719,3.475,2.9166666666666665,0.02479338842975208,0,0,0
3722,3.25,3.5,0.0,0,0,0
3723,NA,NA,NA,1,1,1
3727,3.3181818181818183,3.5681818181818183,0.008264462809917354,0,0,0
3729,3.5,3.25,0.04545454545454548,0,0,0
3731,3.522727272727273,3.4166666666666665,0.0,0,0,0
3732,3.3636363636363638,2.7777777777777777,0.09917355371900834,0,0,0
3735,3.409090909090909,2.8636363636363638,0.05785123966942149,0,0,0
3737,3.4545454545454546,3.46875,0.0,0,0,0
3738,3.4,3.1666666666666665,0.0454545454545455,0,0,0
3739,3.3636363636363638,2.638888888888889,0.14876033057851254,0,0,0
3740,3.325,2.78125,0.14049586776859516,0,0,0
3748,3.225,3.03125,0.03636363636363636,0,0,0
3749,3.425,3.2,0.0272727272727273,0,0,0
3750,3.275,2.53125,0.13636363636363646,0,0,0
3751,NA,NA,NA,1,1,1
3754,3.3333333333333335,2.625,0.15151515151515152,0,0,0
3756,3.0357142857142856,2.4583333333333335,0.168831168831169,0,1,0
3757,NA,NA,NA,1,1,1
3758,3.2777777777777777,3.03125,0.036363636363636376,0,0,0
3759,NA,NA,NA,1,1,1
3764,3.475,3.09375,0.03636363636363639,0,0,1
3767,3.2954545454545454,3.28125,0.0,0,0,0
3768,3.35,2.6666666666666665,0.1272727272727273,0,0,0
3777,3.159090909090909,3.0555555555555554,0.1239669421487603,0,0,0
3784,3.525,2.725,0.090909090909091,0,0,0
3786,3.5625,2.857142857142857,0.07954545454545461,0,0,0
3787,3.4545454545454546,3.4642857142857144,0.0,0,0,0
3788,3.45,2.5416666666666665,0.11570247933884305,0,0,0
3790,3.4545454545454546,2.8,0.07438016528925626,0,0,0
3793,NA,NA,NA,1,1,1
3794,3.5,3.625,0.0,0,0,1
3795,3.361111111111111,2.375,0.14141414141414152,0,0,0
3796,3.6363636363636362,3.05,0.0661157024793389,0,0,0
3797,3.5,3.225,0.008264462809917354,0,0,0
3798,NA,NA,NA,1,1,1
3800,NA,NA,NA,1,1,1
3801,3.4,2.78125,0.18181818181818188,0,0,0
3805,3.5833333333333335,2.75,0.0101010101010101,0,0,0
3807,2.75,3.0,0.0,0,0,0
3808,3.425,3.275,0.07272727272727275,0,0,1
3810,3.522727272727273,2.611111111111111,0.14876033057851243,0,0,0
3812,3.575,2.861111111111111,0.05454545454545458,0,0,0
3813,3.65,2.71875,0.09917355371900834,0,0,0
3817,3.340909090909091,3.1,0.008264462809917354,0,0,0
3822,3.6785714285714284,2.642857142857143,0.1250000000000001,0,0,0
3827,3.575,3.2222222222222223,0.07272727272727278,0,0,0
3829,3.3181818181818183,3.111111111111111,0.008264462809917354,0,0,0
3835,NA,NA,NA,1,1,1
3840,3.3181818181818183,2.5555555555555554,0.1322314049586778,0,0,0
3842,3.3055555555555554,2.8214285714285716,0.22222222222222232,0,0,0
3845,3.575,3.4722222222222223,0.0,0,0,0
3848,3.3181818181818183,3.46875,0.04132231404958677,0,0,0
3859,3.590909090909091,3.5714285714285716,0.0,0,0,0
3860,3.5,3.4722222222222223,0.024793388429752063,0,0,0
3861,3.4545454545454546,2.875,0.07438016528925626,0,0,0
3865,NA,NA,NA,1,1,1
3868,3.522727272727273,3.0833333333333335,0.016528925619834708,0,0,0
3872,NA,NA,NA,1,1,1
3875,3.475,2.3333333333333335,0.16363636363636377,0,0,0
3879,3.675,3.0,0.08181818181818187,0,0,0
3880,3.375,3.4375,0.00909090909090909,0,0,1
3881,3.5833333333333335,2.75,0.08181818181818187,0,0,0
3884,3.575,2.5833333333333335,0.10743801652892561,0,0,0
3886,3.7222222222222223,3.1666666666666665,0.01818181818181818,0,0,0
3889,3.409090909090909,3.4545454545454546,0.02479338842975209,0,0,1
3890,3.35,3.0,0.11818181818181828,0,0,0
3891,3.340909090909091,2.95,0.041322314049586806,0,0,0
3892,3.5,2.55,0.0,0,0,0
3893,NA,NA,NA,1,1,1
3896,3.34375,2.625,0.19318181818181823,0,0,0
3898,NA,NA,NA,1,1,1
3901,3.3333333333333335,2.8125,0.07070707070707075,0,0,0
3902,NA,NA,NA,1,1,1
3903,3.3636363636363638,2.875,0.11570247933884298,0,0,0
3904,3.5,2.7083333333333335,0.04545454545454546,0,0,0
3906,3.7045454545454546,3.340909090909091,0.024793388429752063,0,0,0
3908,3.275,2.638888888888889,0.03636363636363639,0,0,0
3912,3.5,3.4318181818181817,0.02479338842975209,0,0,1
3913,3.611111111111111,2.9285714285714284,0.05050505050505053,0,0,1
3917,3.6666666666666665,2.71875,0.20202020202020193,0,1,0
3918,3.75,2.90625,0.05050505050505054,0,0,0
3921,3.575,2.8,0.08264462809917361,0,0,0
3929,3.611111111111111,2.84375,0.01818181818181818,0,1,0
3931,3.55,3.2857142857142856,0.0181818181818182,0,0,0
3933,3.340909090909091,3.0,0.10743801652892572,0,0,0
3935,NA,NA,NA,1,1,1
3936,3.6785714285714284,2.84375,0.0,0,0,0
3945,3.388888888888889,2.5833333333333335,0.03636363636363639,0,0,0
3950,NA,NA,NA,1,1,1
3952,3.6136363636363638,3.3,0.03305785123966943,0,0,0
3953,NA,NA,NA,1,1,1
3954,3.55,3.2777777777777777,0.0545454545454546,0,0,0
3957,3.5,3.15625,0.0,0,0,0
3960,NA,NA,NA,1,1,1
3966,3.409090909090909,3.5555555555555554,0.0,0,0,0
3969,NA,NA,NA,1,1,1
3970,NA,NA,NA,1,1,1
3971,3.3333333333333335,2.5,0.1727272727272729,0,0,0
3972,NA,NA,NA,1,1,1
3975,3.7045454545454546,3.0454545454545454,0.04958677685950415,0,0,0
3977,3.3181818181818183,2.9318181818181817,0.14876033057851254,0,0,0
3978,3.4318181818181817,3.1875,0.0,0,0,0
3984,NA,NA,NA,1,1,1
3985,3.590909090909091,2.607142857142857,0.07438016528925623,0,0,0
3986,3.5,3.0,0.0818181818181818,0,0,0
3987,NA,NA,NA,1,1,1
3989,3.522727272727273,3.275,0.04958677685950415,0,0,0
3990,3.5,3.21875,0.0272727272727273,0,0,0
3991,3.55,2.7083333333333335,0.036363636363636376,0,0,0
3994,3.477272727272727,2.825,0.06611570247933886,0,0,0
3995,3.4545454545454546,2.775,0.090909090909091,0,0,0
3997,3.5,2.9722222222222223,0.05785123966942151,0,0,0
3998,3.4318181818181817,3.625,0.0,0,0,0
3999,3.5454545454545454,2.90625,0.016528925619834708,0,0,0
4000,3.477272727272727,3.34375,0.016528925619834725,0,0,0
4001,3.5,3.0555555555555554,0.02727272727272729,0,0,0
4003,3.5,3.0,0.090909090909091,0,0,0
4010,3.638888888888889,2.642857142857143,0.05050505050505055,0,0,0
4011,3.638888888888889,3.0625,0.07070707070707077,0,0,0
4012,3.5,2.4642857142857144,0.02479338842975208,0,0,0
4015,NA,NA,NA,1,1,1
4018,3.1944444444444446,2.9285714285714284,0.09917355371900832,0,0,0
4019,NA,NA,NA,1,1,1
4022,NA,NA,NA,1,1,1
4026,NA,NA,NA,1,1,1
4038,3.2777777777777777,2.90625,0.1212121212121213,0,0,0
4039,3.3636363636363638,3.375,0.0,0,0,0
4041,3.7045454545454546,3.1944444444444446,0.090909090909091,0,0,0
4044,3.35,2.875,0.04545454545454546,0,0,0
4046,3.3636363636363638,3.361111111111111,0.0,0,0,0
4047,3.3636363636363638,3.2,0.07438016528925626,0,0,0
4050,3.3863636363636362,3.40625,0.0,0,0,0
4051,NA,NA,NA,1,1,1
4055,3.575,2.71875,0.12396694214876042,0,0,0
4057,3.4318181818181817,3.0625,0.0413223140495868,0,0,0
4059,3.5,4.0,0.0,0,0,1
4061,3.5833333333333335,3.1875,0.06363636363636369,0,0,0
4065,3.3636363636363638,2.65625,0.05785123966942152,0,0,0
4066,3.4545454545454546,2.90625,0.07438016528925627,0,0,0
4067,3.272727272727273,3.3333333333333335,0.04958677685950418,0,0,0
4070,3.375,2.875,0.00909090909090909,0,0,0
4072,NA,NA,NA,1,1,1
4075,NA,NA,NA,1,1,1
4076,NA,NA,NA,1,1,1
4079,3.340909090909091,3.5,0.008264462809917354,0,0,0
4080,NA,NA,NA,1,1,1
4084,3.375,2.4444444444444446,0.09090909090909098,0,0,0
4085,3.425,3.5555555555555554,0.00909090909090909,0,0,0
4089,3.5454545454545454,2.9642857142857144,0.04958677685950416,0,0,0
4092,3.6136363636363638,3.0555555555555554,0.1818181818181819,0,0,0
4093,NA,NA,NA,1,1,1
4094,3.522727272727273,3.611111111111111,0.0,0,0,0
4095,3.4545454545454546,3.6,0.0,0,0,0
4096,3.3863636363636362,3.2,0.14049586776859505,0,0,0
4099,3.2222222222222223,3.09375,0.0202020202020202,0,0,0
4101,3.522727272727273,2.9444444444444446,0.008264462809917354,0,0,0
4104,3.475,3.5714285714285716,0.0,0,0,0
4105,3.4583333333333335,2.5,0.09090909090909098,0,0,0
4107,3.4545454545454546,3.0,0.04132231404958681,0,0,0
4113,NA,NA,NA,1,1,1
4114,3.4545454545454546,3.607142857142857,0.0,0,0,0
4115,3.409090909090909,3.0,0.03305785123966945,0,0,0
4116,3.5714285714285716,2.6666666666666665,0.038961038961038995,0,0,0
4117,3.590909090909091,3.625,0.0,0,0,0
4120,3.65,3.3125,0.0,0,0,0
4123,3.525,3.0277777777777777,0.07272727272727275,0,0,0
4124,3.5,3.15,0.06611570247933889,0,0,0
4126,3.175,2.525,0.20000000000000018,0,0,0
4127,NA,NA,NA,1,1,1
4132,3.6875,3.21875,0.04040404040404044,0,0,0
4134,3.522727272727273,3.05,0.07438016528925627,0,0,0
4143,3.25,3.0714285714285716,0.15702479338842978,0,0,0
4144,3.5454545454545454,2.75,0.08264462809917361,0,0,0
4145,3.3181818181818183,2.7777777777777777,0.04545454545454548,0,0,0
4148,3.7777777777777777,2.7222222222222223,0.0202020202020202,0,0,0
4149,3.575,3.3055555555555554,0.054545454545454584,0,0,0
4152,3.409090909090909,2.625,0.09917355371900834,0,0,0
4154,3.4,3.0555555555555554,0.06363636363636367,0,0,0
4156,3.375,2.78125,0.02727272727272727,0,0,0
4160,NA,NA,NA,1,1,1
4161,3.7,3.15,0.045454545454545484,0,0,0
4163,3.4285714285714284,3.3214285714285716,0.012987012987012986,0,0,1
4169,3.175,2.5,0.10000000000000009,0,1,0
4171,3.5,3.0714285714285716,0.04958677685950417,0,0,0
4173,3.4318181818181817,2.925,0.2148760330578513,0,1,0
4174,3.272727272727273,3.05,0.057851239669421496,0,0,0
4175,3.272727272727273,2.75,0.008264462809917354,0,0,0
4176,3.2954545454545454,3.025,0.016528925619834708,0,0,0
4180,3.4318181818181817,3.5,0.0,0,0,0
4184,NA,NA,NA,1,1,1
4186,3.3863636363636362,3.2,0.04132231404958681,0,0,0
4189,3.5277777777777777,2.9375,0.1212121212121212,0,0,0
4190,3.5,2.7857142857142856,0.02727272727272727,0,0,0
4192,NA,NA,NA,1,1,1
4195,3.525,2.8214285714285716,0.1181818181818183,0,0,0
4196,3.1363636363636362,3.3863636363636362,0.016528925619834708,0,0,0
4199,NA,NA,NA,1,1,1
4207,NA,NA,NA,1,1,1
4208,3.45,2.861111111111111,0.054545454545454584,0,0,0
4209,3.5833333333333335,2.2916666666666665,0.16161616161616166,0,0,0
4210,NA,NA,NA,1,1,1
4218,3.3181818181818183,2.638888888888889,0.07438016528925626,0,0,0
4219,3.45,3.2142857142857144,0.0454545454545455,0,0,0
4223,3.4,3.225,0.0272727272727273,0,0,0
4226,3.725,2.7777777777777777,0.11818181818181817,0,0,0
4227,NA,NA,NA,1,1,1
4228,3.3863636363636362,3.6363636363636362,0.0,0,0,0
4230,3.25,2.0,0.11363636363636374,0,0,0
4231,3.272727272727273,3.2045454545454546,0.1322314049586777,0,0,0
4233,3.5454545454545454,3.4545454545454546,0.0,0,0,0
4234,3.5,3.40625,0.0,0,0,0
4237,3.4318181818181817,3.3181818181818183,0.02479338842975209,0,0,1
4238,NA,NA,NA,1,1,1
4242,3.4,3.1785714285714284,0.016528925619834708,0,0,0
