challengeID,gpa,grit,materialHardship
1,2,0,0
3,2,0,0
6,2,3.5,0.090909091
7,2.5,3.25,0
8,2,0,0
9,2.25,4,0.181818182
10,3.25,3.25,0.090909091
13,2.75,4,0.181818182
14,3.25,2.75,0.272727273
16,2,3.5,0.090909091
18,2.25,3,0
20,2,3,0
23,2.5,3.25,0
24,3.25,3.5,0.090909091
28,2,0,0
30,3,4,0.090909091
35,3,3,0.181818182
36,2,0,0
40,3,3.5,0.090909091
43,3,3.25,0.272727273
45,3,4,0
46,3.5,4,0
47,3.5,3.25,0
49,2,0,0
52,3.25,4,0
53,2.75,3.75,0
54,2,0,0
55,2,3,0.363636364
56,2,0,0
57,3,3,0.181818182
58,3.25,3.75,0.090909091
60,2.75,3.5,0
61,4,3.5,0
62,3.25,3.25,0
64,3.75,3,0.090909091
66,3.5,4,0
67,2,3.75,0.272727273
69,3,2.75,0.181818182
70,3.5,2.75,0
72,3.25,2.75,0.272727273
73,2,0,0
75,2,0,0
76,2,0,0
79,2,0,0.454545455
80,2.75,3,0
81,2,4,0
83,2,0,0
84,2.75,4,0
85,2,3.5,0.454545455
87,2,3.75,0
91,2,0,0
93,2.5,3.75,0
94,2,3.25,0.181818182
97,2,0,0
102,2,0,0
104,2.5,3.5,0.181818182
107,3.25,3.5,0.181818182
109,2,0,0
110,3.25,4,0
111,3.75,3.25,0.545454545
119,1.25,3.25,0
120,2,0,0
122,2,0,0
123,2.75,3,0.181818182
124,2.5,4,0
125,2.25,2.5,0.181818182
126,2,0,0
127,2,0,0
131,3.5,3.5,0.090909091
135,2,2.5,0.181818182
137,2.25,3.25,0
143,3.5,4,0
145,2.5,4,0
148,2.75,3.5,0.181818182
152,2,0,0
153,2,0,0
155,2,0,0
162,2,0,0
163,2,0,0
165,1.5,2.75,0.454545455
167,3,2.25,0.090909091
168,2.25,4,0.090909091
170,2,0,0
171,2,0,0
172,2,0,0
173,3.25,3.25,0
174,2,3.5,0
176,2,0,0
178,2,0,0
182,2.5,3.75,0.090909091
183,2.75,3.25,0.454545455
185,3,3.5,0.454545455
187,2,0,0
188,3.25,4,0
189,2.5,3.25,0
192,1.5,2.75,0
193,2.5,4,0
195,2,0,0
196,2.75,4,0.272727273
199,3,3.75,0
203,3.25,4,0.090909091
204,2.25,4,0.090909091
205,2,2.5,0.272727273
207,2,0,0
208,4,3.5,0.090909091
209,2,0,0
215,2,0,0
217,2,0,0
218,2.25,3.75,0.272727273
219,2,0,0
221,2,3.5,0.181818182
222,2,0,0
223,2,0,0
224,2,0,0
225,2.25,3,0.181818182
227,2,2.75,0
230,2.75,3.25,0
233,2,0,0
234,3.25,3.25,0
235,2.5,3.75,0
236,2.75,4,0.090909091
237,2.5,4,0
238,3.5,3,0.363636364
241,3.5,3.25,0.181818182
242,3,3.5,0
247,2,2,0
248,2.25,3.5,0.272727273
251,3,3.5,0
254,2.5,2.75,0.272727273
256,2,0,0
257,1.75,3.75,0.272727273
258,2,0,0
259,2,0,0
262,3.75,3.5,0.181818182
263,3,4,0.181818182
265,2,0,0
266,2,0,0
271,3.5,4,0.181818182
272,2,0,0
273,2,0,0
279,2,0,0
281,3,3.25,0
282,2.5,4,0.272727273
283,3.5,4,0
285,3.25,3.75,0
287,2,1.5,0.727272727
289,2,3,0.090909091
291,2,0,0
292,2,3.75,0
295,2,2,0
297,2,2.75,0.727272727
298,2,0,0
299,2,0,0
300,1.75,3,0
301,3,4,0
302,2.75,4,0
304,2.25,3.25,0
305,2,0,0
306,2,3.25,0
309,2.25,3.5,0.090909091
310,3.5,3.75,0
311,2,0,0
314,2.25,3.5,0
315,3,4,0
317,2,4,0
318,3.25,4,0
321,4,4,0
323,2,0,0
324,3.25,4,0.818181818
325,2.75,3.75,0
326,2,0,0
330,2.5,3.75,0.363636364
331,2.75,3.5,0
332,2.75,3.75,0
334,2,4,0
338,1.5,4,0
339,2,3.25,0.545454545
340,3,3.75,0.090909091
343,2,0,0
344,2.25,4,0.181818182
346,2,0,0
347,2.5,2.25,0
348,2,0,0
352,2,3,0.090909091
355,2,0,0
356,2.25,2.25,0.272727273
357,2,0,0
359,2.25,3.25,0.545454545
365,2,0,0
367,2.25,2.75,0
368,2,3.5,0.090909091
369,2,0,0
373,2.5,3.75,0
376,2.5,4,0
377,3.25,3.25,0
380,3.75,3.5,0
382,3.75,4,0
386,4,4,0
388,2,3.5,0
389,2,0,0
391,3.25,3,0
394,2.75,4,0
396,2,0,0
397,2,0,0
399,2,0,0
401,1.75,3.25,0.090909091
403,3,3,0
405,2,0,0
407,2,3.25,0.181818182
408,2,0,0
409,3.25,3,0
411,2,3.25,0.181818182
413,3.5,4,0
417,3,3.75,0
421,2,0,0
423,2,0,0
424,4,4,0
425,2,3.25,0
426,1.75,3.25,0.090909091
427,3.25,4,0.181818182
429,2.75,4,0.272727273
430,2,0,0
432,2,3.75,0.454545455
435,3,2.75,0
436,1.75,3.5,0.181818182
437,4,3.5,0
440,2,3.75,0.090909091
441,3.25,1.75,0
442,2,0,0
443,3.5,3.75,0.090909091
445,3,4,0
447,2.25,2,0.090909091
449,2.5,3.5,0.454545455
450,2,0,0
453,3.5,3,0
454,3,3,0.090909091
455,2,0,0
459,2,0,0
462,2,0,0
463,2,0,0
464,2,0,0
465,2,0,0
466,2,3,0
471,2,0,0
474,2,0,0
475,2,0,0
477,2,0,0
478,2.5,3.75,0
481,2,3,0.181818182
482,2,0,0
484,2,0,0
485,2,3.5,0.545454545
487,1.75,2.75,0
492,3.25,4,0.090909091
493,2,0,0
496,3.5,3.5,0
497,3.25,3,0
499,3,4,0
501,2.75,4,0.272727273
502,2,0,0
507,2,3.25,0
508,3.75,4,0.272727273
509,2.75,3.75,0.272727273
510,2,3.25,0.363636364
511,2,3.75,0.272727273
513,1.5,3,0
514,2,0,0
515,2,3,0
517,2,0,0
520,3.75,3.75,0.090909091
522,2,3.5,0.090909091
524,2,0,0
525,4,3,0
528,3.5,3.25,0
529,2,0,0
530,2,3.5,0.090909091
532,2,0,0
533,2,0,0
534,3.75,4,0
535,2,0,0
536,2,0,0
542,2,0,0
546,2,0,0
548,3.5,4,0
551,2,0,0
555,3,4,0.181818182
557,2,3.5,0
559,4,3.25,0.363636364
561,2,0,0
562,2.75,3,0
563,2,0,0
564,2.75,3.5,0
565,3.5,3.75,0.181818182
568,2,3.75,0.363636364
572,2.75,3.5,0
573,3.5,3.25,0.090909091
575,2.5,3.75,0
576,3.25,3,0
577,3.25,4,0
578,2.75,3.75,0.181818182
579,2,0,0
580,2,3.25,0.181818182
581,2,0,0
582,2.25,3.25,0.454545455
584,3,3.25,0
585,2.5,3.25,0
586,3.5,2.75,0
587,3,3.75,0.181818182
588,1.25,2.75,0.090909091
590,2.25,2.75,0
591,3.5,3.25,0
592,3.25,3.75,0
594,2,3.5,0
599,2,0,0
602,3,3.25,0
604,2,0,0
606,2,2.5,0.454545455
609,2,0,0
610,2,0,0
612,2.5,3.25,0.454545455
614,2.25,3.75,0.272727273
616,3,3,0.181818182
617,3.5,2.5,0
618,3.5,3.75,0.090909091
620,2,0,0
622,3.5,2.5,0
624,3.75,3,0
627,2,0,0
633,3.5,3.25,0
635,3.5,3,0
636,2,3.25,0.090909091
639,2,0,0.090909091
641,2,0,0
643,3.25,4,0
644,2.25,3.25,0
646,2,0,0
647,1.75,4,0
648,3.25,4,0
652,2,0,0
653,1.5,2.25,0
654,2,0,0
655,2,3.25,0.454545455
656,2,0,0
660,2,0,0
661,3.25,3,0
664,3.75,3.75,0
666,2.5,3.5,0.090909091
668,2,3.25,0
671,2,3.25,0
673,2,3.25,0.090909091
676,2,0,0
678,3.25,3.25,0.363636364
680,3.25,4,0
683,2.25,3.75,0
684,3,3.5,0.090909091
685,2.25,4,0
686,2,0,0
687,3,3.5,0
690,3.5,3.25,0
695,2,0,0
696,2,0,0
698,2.25,2.25,0.181818182
700,4,3.75,0
701,3.5,3.5,0
703,2,0,0
707,2,0,0
708,2,0,0
712,2,3.5,0.090909091
713,3,3.75,0.090909091
714,2.25,3.25,0
715,3.5,4,0
717,2,4,0.181818182
719,3,4,0
720,3.25,3.25,0.090909091
726,2,0,0
727,2,0,0
728,3,4,0
730,2,0,0
732,2,0,0
733,3,3.75,0.454545455
738,4,3.75,0
743,3.5,3.5,0
744,2.5,3.5,0.181818182
748,2,0,0.090909091
750,2.25,3.5,0.454545455
751,1.75,3.75,0.181818182
754,2,0,0
755,2.75,3.25,0
758,2,0,0
759,3.25,2.75,0
760,1.25,3.25,0
761,3.5,3.5,0.090909091
762,3,2.25,0.090909091
763,2,0,0
766,3.25,3.25,0.727272727
772,3,4,0
775,2,0,0
776,2.5,4,0
779,2.25,3.75,0.454545455
781,2.25,2.75,0.272727273
782,2,0,0
783,2.75,4,0
790,3.25,3.75,0
791,1,3.5,0
793,2,0,0
794,2,0,0
795,4,3.25,0.090909091
797,2,0,0
800,2,0,0
801,2,0,0
803,2,2.75,0.181818182
805,2.75,3.25,0
806,3.5,4,0.363636364
807,2.25,4,0.272727273
808,3.5,3.5,0.272727273
809,2,4,0.272727273
811,2,0,0
812,3,4,0.090909091
813,2,3,0.090909091
814,3.75,3.75,0
816,2.75,3,0
819,2,0,0
820,3.75,4,0
822,2,0,0
823,2,0,0
824,1.5,3.5,0
825,3.5,4,0
828,3,4,0
829,2.5,3.25,0.090909091
830,3.25,4,0.090909091
831,2.25,3,0.181818182
833,3.25,2.5,0.545454545
834,3.25,3.75,0
837,2.75,3.25,0.090909091
842,2,0,0
843,2.25,4,0.090909091
846,2,3.5,0.090909091
848,3.5,4,0
849,2,0,0
852,2,0,0
858,2,4,0.090909091
859,3,3,0
860,2,2.75,0.090909091
861,2.25,3.75,0.181818182
862,2,0,0.363636364
863,2.5,2.5,0
865,2.75,4,0.090909091
869,2.25,2.75,0
870,2,0,0
872,1.75,3,0.363636364
874,2.75,3,0
877,3.25,3.75,0
879,2,4,0
882,2,0,0
886,2,3.75,0
887,2.25,2,0.181818182
889,2,0,0
893,3.75,3.75,0
894,3.75,4,0
897,2,3.75,0
899,2,0,0
900,3.5,4,0
901,2.5,3.25,0.545454545
904,2,0,0
905,4,4,0.090909091
907,2,0,0
911,2.25,3.75,0.090909091
912,2.75,4,0
914,3.5,3.25,0.090909091
917,3.25,3,0
918,2,0,0
920,2,0,0
922,2,0,0
925,1.75,3,0
928,3.75,3,0.090909091
931,2,3.5,0.090909091
933,2,0,0
935,2,0,0
936,2.5,3.75,0.181818182
939,3.75,2.75,0
943,3,3.5,0.181818182
947,2.75,4,0
948,2.5,2.75,0.090909091
950,3.5,3.5,0
952,2.5,3.75,0.272727273
953,2,3.75,0.090909091
954,3,3.75,0
955,2,0,0
956,3.75,4,0
958,2,0,0
961,3,4,0
962,2.25,3.75,0.090909091
963,2,2,0
965,4,3,0
966,2,0,0
971,2,0,0
972,2.75,3.25,0.272727273
975,3,4,0.272727273
976,3,3.5,0.090909091
980,2,0,0
981,2.75,4,0.636363636
982,2,0,0
983,3.75,4,0
986,2,0,0
991,3.25,3.75,0.181818182
993,3.25,3.75,0
994,2,3.5,0
995,2,0,0
998,2,0,0
1000,2,3.75,0.181818182
1002,2.75,3,0.181818182
1003,2,0,0
1004,2,3,0
1005,3.75,3.25,0.090909091
1006,3,3.25,0
1007,2,0,0
1008,1.75,3.75,0
1010,3.5,4,0
1011,2,0,0.090909091
1012,1.75,3,0.363636364
1013,2,3.5,0.272727273
1014,2.5,3.75,0.090909091
1017,2,3,0.363636364
1018,3.75,4,0
1019,2,0,0
1024,1.5,3.75,0.090909091
1025,2,0,0
1026,2,0,0
1028,2,3.5,0.090909091
1029,2.5,3.5,0.636363636
1032,2,3,0
1034,2,0,0
1035,2,0,0
1039,3,4,0.181818182
1043,2,0,0
1044,3.75,3,0
1045,4,4,0.454545455
1049,3.75,3.75,0
1050,2,0,0
1052,2,0,0
1055,2,0,0
1059,3,3.25,0
1060,2,0,0
1062,1.75,2.5,0
1064,2,0,0
1065,3.25,3.25,0.181818182
1067,2,0,0
1069,2,3,0
1070,2.5,3.75,0.636363636
1071,2,3,0
1072,2.25,3.75,0.090909091
1077,2,0,0
1079,3.75,4,0
1091,3.25,3.5,0
1092,2.5,3,0
1095,2.5,3,0
1097,4,3.75,0
1098,2,4,0
1103,2,3.5,0
1104,2,0,0
1105,2.75,3.25,0.090909091
1106,3.75,4,0
1107,2,0,0
1113,2,0,0
1118,3.5,3.5,0.090909091
1119,3.25,3.25,0
1122,2.5,3.5,0.181818182
1123,2,0,0
1124,3.5,3,0.272727273
1125,2,0,0
1128,2,0,0
1129,2,0,0
1130,3,4,0.181818182
1133,2,0,0
1134,2,3,0
1135,2.75,4,0
1138,2,0,0
1139,2,0,0
1140,2,0,0
1143,1.5,3,0
1144,3.25,3.25,0
1145,2,0,0
1146,2,3.75,0.090909091
1147,2,0,0
1149,2,0,0
1152,2.75,3.5,0
1153,2,0,0
1157,2.75,2.75,0.363636364
1159,3.5,4,0
1160,2,0,0
1161,2,3.75,0
1164,1.75,3.5,0
1166,3.5,3.75,0
1167,4,2.5,0.090909091
1171,2,0,0
1172,3.5,3.5,0.090909091
1173,2,0,0
1174,2,0,0
1176,2.75,4,0.454545455
1177,2,0,0
1178,1.75,4,0
1179,2.75,3.25,0
1181,2,2.75,0.454545455
1183,3,3.25,0
1184,3,3.25,0
1185,3,3.5,0
1189,2,0,0
1193,2,2.75,0.181818182
1194,3.25,3,0
1196,2,0,0
1198,1.5,3,0.090909091
1200,2,0,0
1204,3,3,0
1205,2,0,0
1206,2,3,0.090909091
1207,2,0,0
1211,2.25,4,0.090909091
1212,2,0,0
1214,2.5,4,0.636363636
1215,2,3.25,0
1219,3.25,3.5,0
1222,2.75,4,0
1223,2,4,0.090909091
1225,3,2.75,0
1226,2,0,0
1228,2,4,0
1229,2,3.75,0
1231,1.75,3.25,0
1232,2,3,0
1234,3.75,4,0
1238,4,3.5,0
1246,2,3.25,0
1248,2.75,3.5,0
1250,2.5,3.25,0
1251,2,0,0
1252,2.75,3,0.454545455
1253,3.25,3.5,0.545454545
1254,2,4,0
1255,3,3.25,0.181818182
1256,4,4,0
1258,3,3.25,0.181818182
1259,3,3.25,0
1266,2,3,0
1275,2,0,0
1276,3.25,2.75,0
1277,2,0,0
1279,2,0,0
1280,3,3,0.181818182
1282,3,3,0
1284,2,3.25,0
1286,3.5,3.5,0
1288,2,0,0
1289,1.75,4,0.090909091
1297,2,4,0.636363636
1298,3.25,3.25,0.272727273
1301,3.25,3.25,0
1303,3.25,4,0
1304,2.25,3.75,0.090909091
1305,2,0,0
1306,2,3.25,0.272727273
1307,2,3.25,0.090909091
1308,2,0,0
1310,2,0,0
1312,3.5,2.5,0.454545455
1315,2,0,0
1316,2,0,0
1318,2,0,0
1319,1.5,2,0.090909091
1321,2,0,0
1322,2,0,0
1323,2.75,3.75,0
1325,2.5,2.25,0.363636364
1326,2,3.75,0
1329,3.5,4,0
1331,3.25,3,0
1335,2,0,0
1336,3.75,3.75,0
1339,2,0,0
1340,3.25,4,0.090909091
1341,2.75,2.75,0.727272727
1349,2.25,3,0.454545455
1350,2.25,4,0
1351,2,0,0
1352,2.75,3.25,0
1353,2,0,0
1356,3.75,3.75,0
1358,2,0,0
1359,2,3,0.545454545
1361,2,3,0.272727273
1362,2,1.75,0
1363,2,0,0
1365,2,0,0
1366,2,0,0
1367,2,4,0
1368,2,0,0
1371,1.75,3,0
1372,4,3.75,0
1373,2,2.75,0
1375,3.25,3.75,0.090909091
1378,2.5,3,0.454545455
1382,2,3.75,0.272727273
1383,2,3.75,0.363636364
1384,2,3.5,0
1386,3,4,0
1387,3.25,3.75,0
1388,3,3.25,0.272727273
1389,1.75,3,0
1391,3.75,4,0.363636364
1394,2,0,0
1395,2,0,0
1398,2,0,0
1402,2.75,3.25,0.636363636
1403,2.75,3.25,0.454545455
1408,1.75,3.25,0
1410,1.75,3,0
1411,2,0,0
1412,2,2.5,0
1414,2,0,0
1417,2,0,0
1418,3.75,4,0.090909091
1420,1.5,3.75,0.272727273
1421,2.5,4,0.090909091
1422,2,0,0
1423,2,0,0
1425,2,0,0
1426,2,0,0
1430,2,0,0
1432,3.75,3.75,0
1434,3.25,4,0
1435,2,0,0
1436,2,3.25,0.272727273
1442,2.5,3.5,0
1444,3.5,3.75,0
1445,2,0,0
1448,2.75,3,0
1452,2.5,3.5,0.272727273
1453,2.5,3,0
1460,3.75,4,0
1462,3.5,3.25,0.090909091
1463,2,2.75,0
1465,4,4,0
1467,3.25,4,0.181818182
1468,2,0,0
1469,2,0,0
1471,3,3,0.272727273
1473,2.25,3.75,0
1474,2.75,3.5,0.090909091
1475,2,0,0
1476,2.5,3.75,0.272727273
1477,4,4,0
1480,2,3.5,0
1483,4,2.5,0.090909091
1484,3,4,0.363636364
1485,3,3,0
1486,2,0,0
1487,1.75,2.75,0.363636364
1490,1.75,3.25,0
1495,2.25,3.5,0.090909091
1496,2,3.25,0
1499,2.75,3.25,0.363636364
1500,2.25,4,0
1505,3,3.75,0
1506,3.75,4,0
1510,3,2.75,0
1511,2,0,0
1514,3.25,3.25,0
1517,2,0,0
1518,2.25,4,0.818181818
1521,3.25,4,0
1523,3.25,4,0
1524,2,0,0
1525,2,0,0
1529,2,0,0
1530,3.25,3.75,0.090909091
1533,2.25,2.75,0
1534,2.5,3.25,0.090909091
1535,2,0,0
1537,2,0,0
1538,3,2.5,0
1539,2,0,0
1542,2,3.5,0
1545,1.75,3.25,0.090909091
1547,3.5,3.25,0
1550,2,3.25,0
1551,2,0,0
1553,2,0,0
1555,1.5,4,0
1557,2.75,4,0
1560,2,0,0
1562,2,3,0.272727273
1563,2.75,2.5,0
1564,2.25,3.25,0
1566,3.75,3.25,0
1569,3.5,3.75,0.090909091
1570,2,0,0
1572,1.5,3.25,0.090909091
1573,3.5,3.75,0
1574,3.5,3.5,0
1576,2,0,0
1578,2,0,0
1580,2,0,0
1583,2,2.25,0
1584,3,4,0
1585,2,0,0
1588,3.5,3.75,0.090909091
1590,3.5,3,0.090909091
1592,3.5,4,0.181818182
1593,3,3.75,0
1594,2,3,0.363636364
1596,2,3.75,0
1598,2,0,0
1599,2,0,0
1602,3.25,4,0
1603,3.5,3,0.363636364
1604,1.5,2.5,0.090909091
1605,2.5,3.5,0
1606,2,0,0
1608,3.5,3.5,0
1611,3,4,0.181818182
1612,3.25,3.5,0.181818182
1613,2,0,0
1614,2,0,0
1615,2,0,0
1616,2,2.75,0
1618,2,0,0
1619,2,3.5,0
1620,4,3.75,0.272727273
1621,3,4,0
1622,2,0,0
1624,2.75,4,0.090909091
1626,2.75,3.25,0.454545455
1628,2.75,2.75,0
1630,2,0,0
1632,3.25,3.5,0.727272727
1633,2,0,0
1634,1.5,3.25,0.090909091
1637,3.75,3.75,0
1638,2,0,0
1639,2.25,3,0
1640,2,0,0
1641,2,3.75,0
1642,2,0,0
1643,3,4,0
1646,3.25,3.75,0
1648,3.5,3.5,0.090909091
1650,2,3.25,0
1652,2,3,0.272727273
1653,2,0,0
1654,3,4,0.272727273
1657,3.25,4,0
1659,2,0,0
1660,2.5,3.25,0.090909091
1663,4,4,0
1664,3.5,4,0
1666,2,0,0
1667,3.25,3,0
1668,2,0,0
1670,3.75,3.5,0.090909091
1675,2,3,0
1677,3.5,3.5,0.090909091
1679,2.5,4,0.090909091
1680,2,4,0
1682,2,4,0.363636364
1686,2,2,0
1688,2,3.25,0
1690,2,0,0
1691,2,0,0
1692,3,4,0
1696,2.5,4,0
1699,2,0,0
1701,2,3.25,0.181818182
1702,3.5,3.75,0
1707,2,0,0
1709,2,0,0
1712,2,0,0
1713,3,3.75,0.454545455
1715,2,3.5,0
1716,2,0,0
1719,2,0,0
1722,2,0,0
1723,2.5,2.75,0
1724,2.25,2.75,0.181818182
1726,3.75,3.5,0.090909091
1729,2,3.5,0
1732,4,2.75,0
1733,1.75,3.75,0.090909091
1734,2,3.25,0
1735,3.5,3,0
1737,2.5,3.25,0
1739,3.5,3.25,0
1740,3,3,0
1741,3,4,0
1744,2,3.75,0
1746,3.5,3.25,0.090909091
1750,2.75,3.75,0
1753,1.5,3.75,0.181818182
1755,3.25,3.75,0
1756,2,4,0.090909091
1757,3.25,3.5,0.090909091
1758,2,0,0
1759,2,0,0
1761,2.5,3.5,0.272727273
1762,2,0,0
1763,1.5,3.25,0.181818182
1765,2,3.25,0.454545455
1771,1.25,3,0.090909091
1772,2.5,4,0.272727273
1774,2,0,0
1776,2,0,0
1783,2,3,0
1784,2,0,0
1786,2,0,0
1788,3,3.25,0.181818182
1790,2.75,4,0.272727273
1791,2,3.75,0
1793,2,3.75,0
1795,2.5,3.25,0
1797,2,0,0
1800,2,2.75,0
1802,2,0,0
1804,3.25,3.5,0
1806,2,4,0
1807,2,3,0.090909091
1808,3.75,3.75,0
1809,2,0,0
1810,3.5,3,0.363636364
1812,3.25,4,0.272727273
1814,2.5,3.75,0.090909091
1815,3,4,0
1816,2,0,0
1817,2.75,3.75,0
1819,2,0,0
1821,2.5,4,0
1822,2,0,0
1824,4,3.5,0
1825,2.25,4,0.181818182
1827,2,3.25,0
1829,2,3.75,0
1831,3.25,4,0
1833,3.25,3,0
1834,2,0,0
1835,2,0,0
1838,3,3.5,0
1839,2,4,0.090909091
1842,2,0,0
1846,2.25,3.5,0.363636364
1848,2,0,0
1852,3.25,3.25,0
1859,2,0,0
1860,2,0,0
1863,3,3.5,0.090909091
1864,2,0,0
1868,2,3,0.181818182
1869,2,0,0
1873,2.25,3.25,0
1874,2.25,3.75,0.181818182
1875,3,4,0.181818182
1876,2,0,0
1878,2.75,4,0.090909091
1879,2,0,0
1880,2,0,0
1881,2.75,3,0.090909091
1883,2.75,3,0.181818182
1884,2,0,0
1886,1.75,3.25,0.272727273
1887,2,0,0
1888,2.75,2.75,0.090909091
1893,3.5,3.25,0
1897,2.25,3,0.090909091
1900,1,3,0
1903,3,3.75,0.454545455
1906,1.75,3.5,0
1907,3.25,3.5,0
1909,3.5,3,0.090909091
1911,3.25,3.25,0.090909091
1912,3.5,3,0.454545455
1916,2,0,0
1918,2,0,0
1920,1.75,3,0
1921,2,0,0
1922,2,0,0
1927,4,3.5,0.090909091
1928,2,1.5,0
1932,2.25,4,0.272727273
1933,2.25,3.25,0.363636364
1936,2,0,0
1937,2,0,0
1938,2,0,0
1941,4,2.75,0.090909091
1942,2.25,4,0
1950,2,0,0
1953,2.75,0,0
1954,2.25,3.75,0.090909091
1955,2,3,0.090909091
1957,2,0,0
1958,3.25,3.25,0.272727273
1960,2,0,0
1965,1.75,4,0.454545455
1968,2,0,0
1969,2,0,0
1970,2.5,3.75,0.090909091
1972,2,0,0
1978,4,3.5,0
1980,2,0,0
1981,3,3,0
1992,2.75,3.5,0
1993,2,0,0
1995,2,3.25,0
2001,2,0,0
2002,2,0,0
2006,3.25,4,0
2007,2,0,0
2008,2,0,0
2012,3.25,3.25,0.363636364
2014,3.5,3.75,0
2015,2,3.25,0.363636364
2020,4,3.75,0
2022,2,0,0
2024,2.25,3.25,0
2025,2,0,0
2027,2.5,4,0.090909091
2028,2,0,0
2030,2.75,4,0
2032,3.25,4,0
2033,2,0,0
2034,2,0,0
2035,2,0,0
2036,3.25,3.5,0.363636364
2038,2.5,3.25,0.181818182
2039,2,3.5,0
2041,3.25,3.75,0.181818182
2045,2,0,0
2052,3.5,4,0
2054,3.25,3.75,0.090909091
2055,2,0,0
2056,3.75,4,0
2058,2.25,3,0
2059,2,0,0
2062,3.5,4,0.454545455
2063,2,0,0
2066,1.75,3,0
2067,2.75,3,0.090909091
2069,1.75,3.75,0
2070,3.25,4,0
2071,3.25,3.5,0.181818182
2073,2,0,0
2075,2,3.5,0
2076,2,0,0
2077,2.25,2.5,0
2079,2.25,3.75,0.272727273
2084,2.25,3.25,0.454545455
2092,3.75,4,0
2094,2,2.75,0.363636364
2095,2.25,2.75,0
2097,2,0,0
2099,3.25,3.25,0
2102,3.5,4,0
2103,2.5,4,0.454545455
2107,2.5,4,0
2109,3.5,4,0
2110,2.75,3.5,0
2111,2,0,0
2114,2,0,0
2115,3.25,3.75,0.090909091
2117,1.75,4,0.272727273
2118,3,3.75,0.090909091
2119,2.75,3.75,0
2120,3.5,3,0
2121,1.75,1.75,0
2124,3.5,4,0
2126,3.75,3.25,0.090909091
2128,2,3.75,0
2129,2,0,0
2130,3.5,3.75,0.090909091
2134,2,2.75,0
2135,2,0,0
2137,2,3.5,0
2140,1.75,3,0
2141,2,0,0
2142,2.5,3.5,0
2143,2,0,0
2144,2,0,0
2146,2,0,0
2147,2,0,0
2149,3,2.75,0
2150,2.75,3.5,0.363636364
2151,3.25,4,0
2157,2,0,0
2160,3,3,0
2162,2,0,0
2165,2,3.75,0
2166,3.75,2.75,0.181818182
2169,2,3.75,0.090909091
2171,2,0,0
2174,2.5,3.25,0.090909091
2175,2.5,2.5,0
2177,3.75,3.25,0
2180,3.75,3.5,0
2181,2,3.25,0
2182,2,3,0
2184,2,0,0
2185,3,3.75,0.363636364
2186,1.75,4,0.090909091
2189,3.5,3.25,0
2190,1.75,3.75,0.090909091
2193,3.25,3.25,0.181818182
2194,2,0,0
2195,2,0,0
2196,2,0,0
2197,1.75,2.75,0.272727273
2200,3.75,3.75,0
2203,3,3.5,0.181818182
2206,2,0,0
2207,1.5,3,0
2208,2,0,0
2209,4,3.75,0.181818182
2213,2.75,3.5,0
2215,1.75,3.75,0.090909091
2216,2,3.75,0.181818182
2217,3,3.5,0.090909091
2221,2,3,0.272727273
2223,2,0,0
2227,3,3.75,0.090909091
2228,2.5,3,0.363636364
2232,2,3,0.090909091
2233,3,3.25,0.363636364
2234,2.75,3.75,0.181818182
2235,2.75,3.75,0.454545455
2236,3.25,3.25,0
2239,2.75,3.5,0
2241,2,0,0
2248,2.75,3.25,0
2249,3.5,3.5,0
2255,2,4,0.272727273
2256,2,2.25,0
2257,2,0,0
2258,2,0,0
2259,2,0,0
2260,2.75,3,0
2261,2,0,0
2263,2,0,0
2264,2,0,0
2265,2.5,3,0.454545455
2266,3.75,3.75,0.454545455
2268,2,0,0
2271,2,0,0
2273,3,3.5,0
2274,4,3.75,0.545454545
2279,2,3,0.090909091
2283,2,0,0
2285,2,0,0
2287,2,0,0
2289,2,3.75,0
2290,2,0,0
2292,2,0,0
2294,4,4,0
2295,2,0,0
2296,2,0,0
2297,2,0,0
2298,2.5,3.5,0.181818182
2301,2,0,0
2302,2.25,3.25,0.454545455
2305,4,3.5,0
2307,2,0,0
2309,2,0,0
2310,4,4,0
2311,2,0,0
2313,2,0,0
2317,2.25,3,0.363636364
2321,2.75,3.5,0
2322,2.25,3.25,0.181818182
2324,2,3,0
2325,3.25,3.5,0
2326,4,3.75,0
2328,2,0,0
2329,2,0,0
2332,2,0,0
2333,1,3.25,0.090909091
2335,2,0,0
2336,2.75,4,0.181818182
2338,2,1.25,0.181818182
2339,2,2.5,0
2342,2,0,0
2344,2,0,0
2345,2,0,0
2346,2.25,3.25,0.272727273
2348,2,3,0
2350,2.5,2.5,0.363636364
2351,2.25,3.75,0
2353,2,0,0
2354,2,0,0
2355,2,0,0
2356,2,0,0
2357,3,3,0
2358,1.75,2.75,0.272727273
2361,3,3.75,0
2362,2.75,2.5,0.363636364
2363,2,0,0
2366,3,3.75,0.272727273
2367,2,0,0
2369,2.5,4,0
2370,3,3.25,0
2372,2.25,3.25,0.363636364
2373,2,3,0.090909091
2374,3.5,4,0
2375,2,0,0
2376,3.5,4,0
2379,2,0,0
2380,2,3.5,0.181818182
2382,2,0,0
2383,2,2.5,0
2384,2,0,0
2385,2.75,3.25,0
2386,2,4,0.636363636
2387,2,0,0
2389,2.25,3.75,0.545454545
2395,2,0,0
2397,2,2.75,0.363636364
2398,3.25,2.75,0.090909091
2399,2,0,0
2403,2.75,3.75,0
2406,3.25,3,0.272727273
2407,3.25,3.25,0
2409,2,3,0.181818182
2410,2,0,0
2411,3.25,2.25,0.090909091
2412,2.25,3.75,0.545454545
2415,2,0,0
2418,2,2.75,0
2420,2.5,4,0
2422,2.5,3,0
2423,2,0,0
2424,2,0,0
2426,2,3.75,0
2427,2.5,3.75,0.272727273
2430,3.75,3.75,0
2431,2,0,0
2432,2,0,0
2434,4,3.75,0
2436,4,3.25,0
2438,2,0,0
2439,2,0,0
2441,4,3.5,0
2443,2,0,0
2444,2,0,0
2448,2.75,3.25,0
2449,2.75,4,0
2453,3.75,4,0.363636364
2455,3.25,4,0.090909091
2456,2,3.75,0
2457,2,0,0
2459,2,0,0
2460,1.5,2.5,0.272727273
2461,2,0,0
2465,2.25,4,0
2466,2,0,0
2468,2.5,3.75,0.090909091
2469,2,3,0.636363636
2470,2,3,0
2473,2,4,0.090909091
2476,2,0,0
2477,2,4,0
2479,2,4,0
2480,2,0,0
2481,3.75,3.5,0
2483,3.25,2.5,0
2489,2.75,3,0.363636364
2490,2.5,3.25,0.181818182
2491,2.5,3.25,0
2494,3,3.25,0.090909091
2497,3.75,3.5,0
2498,2,0,0
2499,2,0,0
2500,2,4,0
2501,2,0,0
2502,3.75,4,0
2503,3,4,0.090909091
2504,2,3,0.090909091
2505,2.25,3,0
2507,2,0,0
2508,2,0,0
2512,2.5,4,0
2516,3.25,4,0.363636364
2517,2,3.5,0.090909091
2521,2,0,0
2522,3.25,4,0
2523,2.75,3.75,0.181818182
2524,2,0,0
2525,3.25,4,0
2526,2,2.5,0
2527,3.5,3.25,0
2531,3.25,2.75,0
2533,2,0,0
2536,4,4,0.090909091
2537,2,3.5,0
2540,2,0,0
2541,2,0,0
2542,2.75,3.25,0
2543,3.5,3.5,0
2544,4,3,0
2545,2,3,0
2546,2,2.75,0.090909091
2553,2,0,0
2554,2,0,0
2556,3.25,3.5,0.272727273
2558,4,3,0
2560,4,4,0
2561,2,0,0
2562,2,0,0
2565,2,3.75,0.090909091
2567,2,0,0
2569,3,3,0
2570,2,0,0
2571,1.75,3.75,0.454545455
2572,4,3.75,0.272727273
2576,3.5,3.5,0
2577,2,0,0
2579,2.75,2.75,0
2580,2.5,3.5,0
2583,4,4,0
2585,2.75,2.75,0
2587,3.5,3.25,0
2588,2,0,0
2589,2,3.25,0.363636364
2590,2.75,3.75,0
2594,3,4,0
2595,2.75,3.5,0
2596,2,0,0
2598,2,3,0
2604,2,2,0.181818182
2606,2,0,0
2609,2.75,4,0
2610,3.25,4,0
2611,2.25,3.25,0.090909091
2612,2.75,3,0
2613,2,0,0
2615,2.25,3,0.545454545
2620,2,3,0
2624,2,0,0
2625,3,3.75,0
2628,1.75,3.25,0.545454545
2629,2.25,3.5,0
2630,2,3.5,0
2631,2,4,0
2632,2,0,0
2633,2,0,0
2634,2.75,3.5,0
2635,2,0,0
2640,2,0,0
2641,2,0,0
2644,3,4,0
2645,2.75,2,0
2646,3,4,0.090909091
2647,2,4,0.545454545
2649,3.75,3,0.090909091
2651,2.25,3.25,0
2652,3.5,3.5,0.454545455
2653,2,3,0.545454545
2655,2.5,3.75,0
2656,4,3.5,0
2657,2.5,3.25,0
2658,4,2.75,0
2660,2,3.5,0
2661,2.25,3.25,0.090909091
2664,2.5,3.25,0.363636364
2668,2.75,2.25,0
2669,3.5,4,0
2670,3.25,3.25,0.454545455
2674,2,3.25,0
2675,2,0,0
2678,2,0,0
2679,2,0,0
2681,2,0,0.090909091
2683,2,0,0
2684,3.25,3.25,0
2686,2,3.5,0.454545455
2688,2,0,0
2689,4,3,0
2693,1.75,2.25,0.090909091
2695,2,0,0
2696,2.25,3.75,0
2700,2,0,0
2704,2,0,0
2705,2.75,2.5,0
2710,2,0,0
2714,2.75,3.25,0.090909091
2716,2,0,0
2718,2,0,0
2719,3.5,3,0
2721,2,0,0
2723,4,3,0
2725,2.25,3.25,0.272727273
2727,2,0,0
2729,2,0,0
2730,2,3,0.090909091
2731,3,3.25,0
2734,3.75,0,0
2735,2,0,0
2736,2,4,0
2742,2,3.25,0.090909091
2743,2.75,4,0
2746,2,0,0
2748,2,0,0
2750,3,4,0.272727273
2751,4,4,0.090909091
2752,2,0,0
2753,2.5,4,0.272727273
2755,4,4,0
2757,3.25,3,0
2759,2,0,0
2762,3,3.75,0
2764,3,3.75,0.181818182
2765,2,0,0
2766,2,0,0
2767,2.25,3.25,0.090909091
2768,3.75,3.25,0.181818182
2769,2.5,3.25,0
2773,2,0,0
2775,2.5,3.25,0
2776,3.25,4,0
2777,3.5,3.25,0
2778,2,3.5,0
2783,2,0,0
2785,2,0,0
2786,2,0,0
2787,3.5,3.5,0.454545455
2788,1.5,3.25,0.181818182
2789,3.25,3.5,0
2792,2,0,0
2796,2.75,4,0
2798,2,4,0.363636364
2799,3.25,4,0
2800,2.5,3,0
2801,2.75,4,0.363636364
2802,2,0,0
2803,3.25,4,0.090909091
2804,2,0,0
2805,3,4,0.090909091
2806,2,0,0
2808,2.5,3.5,0.090909091
2809,2.5,4,0
2811,2,0,0
2812,2.75,4,0
2814,2,0,0
2815,2,0,0
2816,2,4,0
2819,2,0,0
2825,2.25,3,0
2827,2.5,3.5,0
2830,2,0,0
2833,3,4,0
2835,2,0,0
2836,2.5,4,0
2838,2,0,0
2843,1,3.75,0
2844,3.25,3.25,0
2845,3.25,4,0.181818182
2847,2,0,0
2850,1.25,2,0
2852,2.25,3.25,0
2853,2,0,0
2855,3.25,4,0
2857,2,0,0
2860,2,0,0
2861,2,0,0
2863,3.25,3.75,0.181818182
2864,3.25,2.5,0.181818182
2865,2,3.25,0.090909091
2867,1.5,3.5,0
2869,2.5,3.25,0
2873,2,0,0
2874,2,2.75,0.090909091
2875,2,0,0
2877,3.5,3.5,0.090909091
2879,2.75,4,0
2880,2,0,0
2882,3,2.75,0
2884,3.5,3,0.181818182
2886,2,0,0
2888,2,0,0
2892,4,4,0
2895,3.75,3,0
2898,2,3.25,0.090909091
2900,2.5,2.5,0.545454545
2901,3,3.75,0
2905,2.25,3.25,0
2906,3.5,4,0
2907,3.75,3.5,0
2910,2.25,3.25,0.272727273
2911,2,4,0.272727273
2912,3,3.5,0.090909091
2918,2.75,3.25,0.090909091
2920,2.75,3.75,0.545454545
2929,1.75,3.25,0
2931,3,3.5,0.090909091
2933,3.25,4,0.090909091
2934,2,0,0
2936,2,0,0
2940,2,0,0.181818182
2941,2,0,0
2943,2,3.75,0.090909091
2946,4,4,0.454545455
2947,2.75,4,0
2948,2,3.25,0.090909091
2952,2,0,0
2954,4,3.5,0
2957,2,0,0
2958,2,2.75,0
2962,3.25,2,0
2964,2.5,3.25,0.272727273
2968,3.5,3,0.090909091
2970,2,0,0
2971,2,0,0
2972,2,3,0.090909091
2973,1.75,3,0
2974,2.25,3.5,0.090909091
2975,3.25,3.25,0.181818182
2976,2,0,0
2978,2,0,0
2979,2,0,0
2983,2.5,3.75,0
2986,4,4,0
2987,2,4,0.272727273
2988,2,3.25,0.090909091
2989,2.75,2.5,0
2991,1,2.5,0
2992,2,0,0
2995,2,0,0
2996,2,0,0
2997,2,0,0
2998,2.25,3.25,0.545454545
3002,3,3.75,0.090909091
3003,2.75,2.75,0.181818182
3005,3.25,3.25,0
3010,3.25,3.5,0.090909091
3011,4,3,0
3012,2.25,4,0
3013,2,0,0
3015,3.75,3.5,0
3017,3.25,4,0
3018,3.25,3.5,0
3020,2,3.5,0.090909091
3022,2,0,0
3023,4,3.75,0.090909091
3025,2,0,0
3026,3.25,3.25,0.454545455
3029,2.75,3,0
3030,2,0,0
3032,2.25,4,0.181818182
3034,2.25,3,0.090909091
3035,1.75,3,0.272727273
3038,1.75,2,0
3039,2,4,0.545454545
3042,2.5,0,0.181818182
3043,2,3.5,0.454545455
3046,2,3.25,0
3047,2.75,3,0
3049,2,3,0
3052,2.5,3,0.181818182
3053,3.5,3.25,0
3056,2,0,0
3057,2,0,0
3058,3.5,3,0.181818182
3059,1.5,4,0
3061,2,3.25,0
3063,2.5,3,0
3064,2,0,0
3068,2,0,0
3070,2,0,0
3071,2,3.75,0
3074,3,3.5,0
3076,1.75,2.75,0
3077,2.25,3,0
3078,2,0,0
3080,3.5,4,0
3081,3.75,3,0
3083,2.75,3.5,0.363636364
3084,2.5,4,0
3085,2,0,0
3086,2,0,0
3087,2.75,3,0.181818182
3088,2,2.25,0
3089,2.25,3,0.272727273
3096,2,0,0
3101,2.5,4,0.363636364
3102,2.5,3,0.363636364
3103,2,4,0
3105,2,4,0
3106,2.5,3.25,0
3107,1.5,3.25,0.181818182
3109,3,3.75,0.454545455
3110,2,3.5,0
3111,2,0,0
3112,2,0,0
3113,3.5,4,0.454545455
3116,2,0,0
3117,3,3,0.272727273
3121,2,0,0
3126,3.25,3.25,0.454545455
3128,2,0,0
3129,2,0,0
3130,2,4,0.272727273
3131,2,3,0
3134,2,0,0
3137,2,3.25,0
3138,2.5,3.75,0.090909091
3141,2.75,4,0.272727273
3143,2,0,0
3144,2,3.25,0
3148,2.75,4,0
3151,3.5,3,0.090909091
3152,2,0,0
3155,3.75,3,0
3159,3.75,4,0.545454545
3160,2,0,0
3161,2,0,0
3162,1.75,2,0.090909091
3166,2,0,0
3167,1.5,3.25,0.636363636
3169,2,0,0
3170,2.75,4,0.090909091
3173,2,0,0
3175,2.75,3.25,0.090909091
3177,1.5,3.25,0.090909091
3179,4,4,0
3180,2,2.25,0.181818182
3184,2,0,0
3185,2,0,0
3186,3.25,3.25,0
3190,2,3.25,0
3191,2,0,0
3193,3.5,3.25,0
3196,2,0,0
3198,3.5,3.5,0
3200,2.75,4,0.090909091
3201,2.5,4,0.181818182
3202,3.5,3.5,0
3204,2,0,0
3206,2.25,3.25,0.090909091
3208,2,0,0
3210,2,0,0
3214,2,0,0
3216,2,0,0
3219,2,3.5,0.090909091
3221,2,3,0
3223,3,3.75,0.363636364
3224,3.75,3.25,0
3225,3.25,2.5,0.181818182
3226,2,0,0
3230,2.75,3.25,0
3231,3,3.75,0.090909091
3232,1.5,2.5,0
3236,3.25,4,0
3237,2.25,2.25,0
3238,3,2.75,0.272727273
3239,2,3.25,0
3241,3,3.25,0
3243,2,3.5,0.545454545
3246,2,0,0
3249,3,3.5,0.181818182
3252,2.75,4,0
3254,2.5,3.25,0
3257,2,0,0
3263,2.25,2.75,0.454545455
3265,2,0,0
3268,2.25,3.5,0.545454545
3270,2,0,0
3271,4,3.25,0
3272,3.25,3.25,0
3273,4,3.75,0.090909091
3274,2,0,0
3277,3.5,3.75,0.272727273
3279,4,4,0
3280,2,4,0
3281,2,0,0.363636364
3284,2,0,0
3285,4,4,0
3286,4,4,0
3289,2.75,3.25,0.454545455
3293,2,0,0
3294,2,0,0
3295,3,4,0.181818182
3297,2.5,2.75,0
3298,2,3.25,0.181818182
3299,2,3.75,0
3301,2.25,3.75,0.181818182
3303,4,3.25,0
3304,2,3.25,0.181818182
3307,2,0,0
3308,2,0,0
3311,3,4,0
3313,1.75,3.25,0
3319,1.5,4,0
3323,3,3.75,0.090909091
3325,2,3.25,0.181818182
3328,4,3.5,0.545454545
3330,2,3.5,0
3332,1.5,3.75,0.272727273
3334,3,3.5,0
3335,3.5,3,0
3336,2,0,0
3337,2,0,0
3338,2,0,0
3339,1.25,3.25,0.363636364
3340,2.75,4,0
3341,2.5,3.5,0
3343,2,0,0
3344,4,3.75,0
3345,3.25,3,0
3346,3.25,4,0
3347,4,3.5,0
3350,2,0,0
3352,2.5,4,0
3355,2.75,3.25,0.090909091
3356,2,0,0.181818182
3360,3.5,3.25,0
3361,2.75,3.5,0
3364,2,0,0
3365,2,4,0.272727273
3366,3.5,3,0
3367,3.5,3,0
3370,3,3,0.181818182
3371,3,3.25,0.181818182
3373,2,3.5,0
3378,2.5,2.75,0
3382,2.5,3.75,0
3384,2,3.5,0.454545455
3385,2,0,0
3386,3,3.75,0
3387,2,4,0
3388,2,4,0.272727273
3389,2.75,4,0.090909091
3390,2.75,3.25,0.272727273
3392,2,3.25,0.272727273
3394,2.5,3.75,0.272727273
3395,3.75,3.5,0
3396,2,0,0
3397,2,2.75,0
3398,3.5,4,0.090909091
3399,2,0,0
3400,2,3.5,0.181818182
3401,2,0,0
3402,3.25,3.75,0.272727273
3404,2,0,0
3406,3.25,4,0
3407,2,0,0.363636364
3408,2,0,0
3411,3.75,3.75,0
3413,3,3,0
3417,2,0,0
3420,2.5,2.75,0
3422,2.25,3.5,0
3423,3.25,3.5,0
3424,3.5,3.25,0
3425,2,0,0
3426,2.5,3.5,0
3430,2,0,0
3433,2.75,3.5,0.272727273
3434,3.5,3.75,0
3438,3,3,0
3440,2.25,2.75,0
3449,2.5,4,0
3450,3.75,3.5,0.272727273
3452,2,2.5,0
3455,2.75,4,0
3457,2,0,0
3459,2.25,4,0
3463,3.5,3.25,0.272727273
3466,3.5,4,0
3468,3,2.5,0.181818182
3470,2.5,3,0.090909091
3474,2,4,0
3477,3.25,4,0.090909091
3478,3.25,2.75,0
3480,2,0,0
3481,2.75,3.75,0
3484,4,4,0
3485,4,3.25,0.727272727
3487,2,0,0
3488,1.25,3.25,0.090909091
3492,2,0,0
3493,2.25,3,0
3494,4,4,0.181818182
3497,3.75,4,0
3500,2,3.5,0
3502,2,0,0
3504,3.75,3.75,0.090909091
3507,2.5,3.75,0
3510,2,0,0
3511,2,0,0
3514,2,0,0
3515,2,0,0
3518,2,0,0
3520,2.25,3.25,0.181818182
3521,2.5,3,0.272727273
3522,2.5,4,0
3524,2,4,0
3529,2,4,0
3530,2,0,0
3534,3.5,3.75,0.090909091
3535,3,3.5,0.181818182
3539,3.25,3.25,0
3540,2,0,0
3541,2,0,0
3544,3.75,3.75,0.363636364
3545,3.75,4,0
3546,2,3.25,0.181818182
3554,2,3.5,0
3559,2,0,0
3560,3.5,4,0
3565,2,2,0
3567,3.5,4,0
3568,3.5,3.5,0.090909091
3570,2,0,0
3571,2,4,0.090909091
3572,3.5,3.5,0.090909091
3573,2,0,0
3576,3.25,4,0
3581,2.75,4,0.090909091
3583,2,0,0
3585,2.25,2.75,0.181818182
3587,2,3,0.181818182
3589,2.75,4,0.181818182
3590,2,0,0
3591,2.75,4,0.090909091
3592,2,3.25,0.181818182
3594,2,0,0
3596,2,0,0
3602,2,2.25,0.363636364
3605,1.75,2.75,0.090909091
3609,2,0,0
3613,2,3.75,0.545454545
3615,2,0,0
3616,3.25,3.25,0
3618,2.75,3,0.090909091
3620,4,3.5,0
3621,2,2,0
3623,2,0,0
3625,2.5,4,0
3627,2,0,0
3633,3.25,4,0
3634,3.25,2.75,0.181818182
3638,2,0,0
3639,3,3.5,0
3640,3.25,3.5,0
3642,2,3.25,0
3643,3,3,0.272727273
3644,2,3.25,0
3645,2,0,0
3649,2,0,0
3650,2,3.25,0.181818182
3651,1.5,3.5,0
3654,2.75,3.75,0.272727273
3658,2.75,4,0
3659,3,3.5,0
3661,2,0,0
3664,4,3.25,0
3666,3.25,3.75,0
3667,4,3,0.181818182
3669,2.75,3.25,0
3670,2,0,0
3671,2,0,0
3677,2,3.25,0
3678,1.75,3.25,0.181818182
3680,2,0,0
3681,3.5,2.75,0
3683,2,3,0
3684,2,3.75,0
3685,2,4,0.636363636
3686,2,4,0.636363636
3687,2,0,0
3688,2,0,0
3689,3,3.5,0.090909091
3690,2,0,0
3692,2,0,0
3694,2,0,0
3699,2.25,3.25,0.181818182
3700,3.25,2.75,0.363636364
3701,3,3.5,0
3703,1.75,3.75,0
3704,2,0,0
3705,2,3.75,0
3706,2,3.5,0
3708,1.5,2.75,0
3710,3.25,2.75,0
3711,2,3.75,0.090909091
3713,1.5,3.25,0.454545455
3718,3.25,3.5,0
3720,2,0,0
3721,3.25,4,0.454545455
3724,2,3,0
3725,2,0,0
3726,2,0,0
3730,2.5,2.75,0
3733,2,0,0.545454545
3734,3.25,3.25,0
3736,2,3.25,0
3742,3.25,3.5,0
3743,2.25,3.25,0.090909091
3744,2,0,0
3747,2,0,0
3752,2,4,0.090909091
3753,2,0,0
3755,3.5,3,0.181818182
3760,2,0,0
3761,2,0,0
3762,2,0,0
3763,3.75,3.5,0.272727273
3766,2,3.75,0
3769,3,3.25,0
3770,3.25,3.5,0
3771,3.25,3.75,0.090909091
3772,1.75,1.75,0
3773,2,2.75,0.272727273
3775,3.5,4,0
3779,2,3.75,0
3781,2,0,0
3782,2.5,4,0
3783,3.25,4,0
3785,2.5,3.25,0
3789,2,3.5,0
3791,2.5,3.25,0
3792,2,0,0
3799,3.5,4,0.090909091
3802,3.5,3.25,0
3803,2.5,4,0
3806,2.75,3.25,0.363636364
3809,2,0,0
3815,2.5,3.5,0.090909091
3816,2,0,0
3818,2,0,0
3819,2,0,0
3820,2,3.5,0.090909091
3821,2.75,4,0
3823,2,3.75,0.090909091
3824,2.75,3.25,0
3825,4,3,0
3828,2,0,0
3830,3.25,4,0
3831,2,0,0
3832,2,0,0
3834,2,4,0
3836,2,0,0
3837,4,4,0.090909091
3838,4,3.5,0
3839,2,2.75,0
3841,2,3.25,0
3843,2,0,0
3844,2,0,0
3847,2,0,0
3849,2,3.75,0.090909091
3850,2,0,0
3852,3,2.75,0.272727273
3853,2,0,0
3854,3.5,3.5,0.181818182
3855,2,0,0
3856,2,4,0.363636364
3857,2.75,3.25,0
3858,2.5,3.5,0
3862,2,3.25,0
3863,3.25,4,0
3864,2,0,0
3866,3,3.25,0
3867,2,0,0
3869,2,3.75,0
3871,1.5,3.5,0
3873,3.25,3.75,0
3874,2.25,3.75,0.363636364
3882,3,3.25,0
3885,2,3.75,0
3887,3.25,3.25,0.545454545
3888,2.5,3.75,0
3894,2.75,3.5,0.181818182
3895,3.75,3.25,0
3897,2,0,0
3899,2,3.75,0.454545455
3900,2,0,0
3905,3.75,3,0
3907,2,0,0
3909,3,4,0
3911,3.25,3.75,0.090909091
3914,2,0,0
3919,2,2.75,0
3920,3,3.25,0
3923,2,0,0
3924,2.5,3,0.090909091
3925,2,0,0
3926,2,0,0
3927,2,4,0
3928,3,4,0.454545455
3930,2,2.25,0.272727273
3932,2.25,3,0
3934,3.25,4,0
3938,3.5,4,0.454545455
3939,3.25,3.5,0.272727273
3940,2,0,0
3941,2,0,0
3944,2.5,2.75,0.272727273
3946,2,0,0
3948,2,0,0
3949,3,3.25,0
3951,2,0,0
3955,3.25,3.75,0.181818182
3956,1.5,4,0
3958,2,0,0
3959,2,3.25,0
3961,2,0,0
3962,2,2.25,0.090909091
3965,2,3.5,0
3968,1.75,2.75,0
3973,2.25,3,0.181818182
3976,3,2.5,0.454545455
3979,2,0,0
3980,2,0,0
3983,2.5,4,0
3988,2.5,3,0
3992,2,0,0
3993,3.25,3.25,0
4002,2.25,3,0
4007,2.75,3.25,0
4008,2.5,4,0
4013,4,3.5,0.181818182
4014,2,0,0
4016,3,2.75,0
4017,2,3.25,0.090909091
4021,2.25,3,0.090909091
4024,2.75,3.75,0.090909091
4025,3.25,4,0
4027,3,2.25,0.090909091
4028,3.25,4,0
4029,2,0,0
4030,2,3,0
4031,2,3.25,0
4032,2,0,0
4033,2,0,0
4036,2,3,0.363636364
4040,2.75,3.5,0
4042,2,0,0.272727273
4043,3,4,0.181818182
4045,2,0,0.454545455
4049,2,4,0.090909091
4052,2,0,0
4053,3,3.5,0
4054,2,3.75,0
4056,1.75,3,0.090909091
4058,2,0,0
4060,2,0,0
4062,2,3.25,0
4063,2.75,3.75,0.272727273
4068,1.75,3.75,0
4071,3.5,3.5,0.090909091
4073,2,3.75,0.272727273
4077,3.25,3.5,0
4078,2,3.75,0.272727273
4082,2,3.25,0
4083,3,3.75,0
4088,3,3.5,0
4090,3.75,3.5,0.090909091
4091,2,0,0
4097,3.25,3.5,0.181818182
4098,3,4,0.090909091
4100,2,0,0
4103,2,0,0
4108,3,3,0
4109,3.25,4,0.090909091
4111,4,3.25,0
4119,2,0,0
4121,2,0,0
4125,2,0,0
4128,2,0,0
4129,2,0,0
4131,2,0,0.363636364
4135,2.25,3.5,0.272727273
4138,2.75,4,0.090909091
4140,2,0,0
4141,2,0,0
4142,2.5,3,0.090909091
4146,3.5,3.75,0.181818182
4147,2,0,0
4150,2,0,0
4153,2,0,0
4155,2.25,4,0.090909091
4157,2.5,4,0
4158,2,0,0
4159,2.5,3.5,0
4162,2,0,0
4165,3.75,4,0.090909091
4167,2.25,3,0
4168,3,3.25,0.090909091
4170,2,0,0
4172,1.5,3.5,0.181818182
4177,3.25,1.75,0
4178,2,0,0
4179,2,4,0.272727273
4181,2,0,0
4183,3.75,3,0
4187,2,0,0
4188,2,3.75,0.454545455
4191,2,0,0
4193,2,3.75,0.454545455
4194,2,3.25,0.363636364
4197,2,0,0
4200,3.25,3.25,0
4201,2,0,0
4202,3.25,3.5,0
4203,2,0,0
4204,3.5,4,0.272727273
4205,2,0,0
4206,2.75,3.5,0.272727273
4213,2,3.75,0.090909091
4216,2,3,0
4217,2,3.75,0.272727273
4220,2,0,0
4222,2,0,0
4224,3.5,2.75,0.272727273
4229,2,3.5,0
4235,2,0,0
4236,2,3.75,0
4239,2.75,2.75,0
4240,2,0,0
4241,3,4,0